-- MySQL dump 10.13  Distrib 5.5.57, for debian-linux-gnu (x86_64)
--
-- Host: mysql.kevinrae.com    Database: mosskey
-- ------------------------------------------------------
-- Server version	5.6.34-log

/*!40101 SET @OLD_CHARACTER_SET_CLIENT=@@CHARACTER_SET_CLIENT */;
/*!40101 SET @OLD_CHARACTER_SET_RESULTS=@@CHARACTER_SET_RESULTS */;
/*!40101 SET @OLD_COLLATION_CONNECTION=@@COLLATION_CONNECTION */;
/*!40101 SET NAMES utf8 */;
/*!40103 SET @OLD_TIME_ZONE=@@TIME_ZONE */;
/*!40103 SET TIME_ZONE='+00:00' */;
/*!40014 SET @OLD_UNIQUE_CHECKS=@@UNIQUE_CHECKS, UNIQUE_CHECKS=0 */;
/*!40014 SET @OLD_FOREIGN_KEY_CHECKS=@@FOREIGN_KEY_CHECKS, FOREIGN_KEY_CHECKS=0 */;
/*!40101 SET @OLD_SQL_MODE=@@SQL_MODE, SQL_MODE='NO_AUTO_VALUE_ON_ZERO' */;
/*!40111 SET @OLD_SQL_NOTES=@@SQL_NOTES, SQL_NOTES=0 */;

--
-- Table structure for table `Authority`
--

DROP TABLE IF EXISTS `Authority`;
/*!40101 SET @saved_cs_client     = @@character_set_client */;
/*!40101 SET character_set_client = utf8 */;
CREATE TABLE `Authority` (
  `id` int(11) NOT NULL AUTO_INCREMENT,
  `Name` varchar(45) NOT NULL,
  PRIMARY KEY (`id`),
  UNIQUE KEY `Name_UNIQUE` (`Name`)
) ENGINE=InnoDB AUTO_INCREMENT=3 DEFAULT CHARSET=latin1;
/*!40101 SET character_set_client = @saved_cs_client */;

--
-- Dumping data for table `Authority`
--

LOCK TABLES `Authority` WRITE;
/*!40000 ALTER TABLE `Authority` DISABLE KEYS */;
INSERT INTO `Authority` VALUES (2,'Hedwig'),(1,'Sean Connery');
/*!40000 ALTER TABLE `Authority` ENABLE KEYS */;
UNLOCK TABLES;

--
-- Table structure for table `KeyCharacter`
--

DROP TABLE IF EXISTS `KeyCharacter`;
/*!40101 SET @saved_cs_client     = @@character_set_client */;
/*!40101 SET character_set_client = utf8 */;
CREATE TABLE `KeyCharacter` (
  `id` int(11) NOT NULL AUTO_INCREMENT,
  `Name` varchar(150) NOT NULL,
  `lft` int(11) NOT NULL,
  `rht` int(11) NOT NULL,
  `description` varchar(1024) DEFAULT NULL,
  `AnchorText` varchar(45) DEFAULT NULL,
  `URLid` int(11) DEFAULT NULL,
  `isEye` tinyint(1) DEFAULT NULL,
  `isHandLens` tinyint(1) DEFAULT NULL,
  `isScope` tinyint(1) DEFAULT NULL,
  `TimeStamp` datetime DEFAULT CURRENT_TIMESTAMP ON UPDATE CURRENT_TIMESTAMP,
  PRIMARY KEY (`id`),
  KEY `url_idx` (`URLid`),
  CONSTRAINT `url` FOREIGN KEY (`URLid`) REFERENCES `URL` (`id`) ON DELETE NO ACTION ON UPDATE NO ACTION
) ENGINE=InnoDB AUTO_INCREMENT=1073 DEFAULT CHARSET=latin1;
/*!40101 SET character_set_client = @saved_cs_client */;

--
-- Dumping data for table `KeyCharacter`
--

LOCK TABLES `KeyCharacter` WRITE;
/*!40000 ALTER TABLE `KeyCharacter` DISABLE KEYS */;
INSERT INTO `KeyCharacter` VALUES (1,'Root',1,2144,NULL,NULL,NULL,NULL,NULL,NULL,'2018-03-06 15:55:46'),(2,'Appearance',2,23,NULL,NULL,NULL,NULL,NULL,NULL,'2018-03-06 15:55:46'),(3,'Appearance Color',3,22,NULL,NULL,NULL,NULL,NULL,NULL,'2018-03-06 15:55:46'),(4,'Appearance Color Black',4,5,NULL,NULL,NULL,1,1,0,'2018-03-06 15:55:46'),(5,'Appearance Color Bluish-White',6,7,NULL,NULL,NULL,1,1,0,'2018-03-06 15:55:46'),(6,'Appearance Color Dull',8,9,NULL,NULL,NULL,1,1,0,'2018-03-06 15:55:46'),(7,'Appearance Color Gray',10,11,NULL,NULL,NULL,1,1,0,'2018-03-06 15:55:46'),(8,'Appearance Color Green',12,13,NULL,NULL,NULL,1,1,0,'2018-03-06 15:55:46'),(9,'Appearance Color Pellucid',14,15,NULL,NULL,NULL,1,1,0,'2018-03-06 15:55:46'),(10,'Appearance Color Protonemata Luminous',16,17,NULL,NULL,NULL,0,1,1,'2018-03-06 15:55:46'),(11,'Appearance Color Shiny',18,19,NULL,NULL,NULL,1,1,0,'2018-03-06 15:55:46'),(12,'Appearance Color White',20,21,NULL,NULL,NULL,1,1,0,'2018-03-06 15:55:46'),(13,'Asexual Structures',24,75,NULL,NULL,NULL,NULL,NULL,NULL,'2018-03-06 15:55:46'),(14,'Asexual Structures Axillary Brood Bodies',25,30,NULL,NULL,NULL,NULL,NULL,NULL,'2018-03-06 15:55:46'),(15,'Asexual Structures Axillary Brood Bodies Hairs Red',26,27,NULL,NULL,NULL,0,1,1,'2018-03-06 15:55:46'),(16,'Asexual Structures Axillary Brood Bodies Present',28,29,NULL,NULL,NULL,0,1,1,'2018-03-06 15:55:46'),(17,'Asexual Structures Brood Bodies',31,52,NULL,NULL,NULL,NULL,NULL,NULL,'2018-03-06 15:55:46'),(18,'Asexual Structures Brood Bodies Branches Common',32,33,NULL,NULL,NULL,0,1,0,'2018-03-06 15:55:46'),(19,'Asexual Structures Brood Bodies Branches Filiform',34,35,NULL,NULL,NULL,0,1,1,'2018-03-06 15:55:46'),(20,'Asexual Structures Brood Bodies Branches Long',36,37,NULL,NULL,NULL,0,1,1,'2018-03-06 15:55:46'),(21,'Asexual Structures Brood Bodies Branches Present',38,39,NULL,NULL,NULL,0,1,1,'2018-03-06 15:55:46'),(22,'Asexual Structures Brood Bodies Branches Short',40,41,NULL,NULL,NULL,0,1,1,'2018-03-06 15:55:46'),(23,'Asexual Structures Brood Bodies Dense',42,43,NULL,NULL,NULL,0,1,1,'2018-03-06 15:55:46'),(24,'Asexual Structures Brood Bodies Present',44,45,NULL,NULL,NULL,0,0,0,'2018-03-06 15:55:46'),(25,'Asexual Structures Brood Bodies Septate',46,47,NULL,NULL,NULL,0,0,1,'2018-03-06 15:55:46'),(26,'Asexual Structures Brood Bodies Short',48,49,NULL,NULL,NULL,0,1,1,'2018-03-06 15:55:46'),(27,'Asexual Structures Brood Bodies Spindle-Shaped',50,51,NULL,NULL,NULL,0,1,1,'2018-03-06 15:55:46'),(28,'Asexual Structures Gemmae',53,70,NULL,NULL,NULL,NULL,NULL,NULL,'2018-03-06 15:55:46'),(29,'Asexual Structures Gemmae Leafy',54,55,NULL,NULL,NULL,0,1,1,'2018-03-06 15:55:46'),(30,'Asexual Structures Gemmae On Back Of Costa',56,57,NULL,NULL,NULL,1,1,0,'2018-03-06 15:55:46'),(31,'Asexual Structures Gemmae On Stem Extensions',58,59,NULL,NULL,NULL,1,1,0,'2018-03-06 15:55:46'),(32,'Asexual Structures Gemmae Papillose Gemmae On Leaf Tips',60,61,NULL,NULL,NULL,0,1,1,'2018-03-06 15:55:46'),(33,'Asexual Structures Gemmae Present',62,63,NULL,NULL,NULL,1,1,1,'2018-03-06 15:55:46'),(34,'Asexual Structures Gemmae Rarely Present',64,65,NULL,NULL,NULL,0,0,0,'2018-03-06 15:55:46'),(35,'Asexual Structures Gemmae Round',66,67,NULL,NULL,NULL,0,1,1,'2018-03-06 15:55:46'),(36,'Asexual Structures Gemmae Terminal Gemmae Cups',68,69,NULL,NULL,NULL,1,1,0,'2018-03-06 15:55:46'),(37,'Asexual Structures Leaf Brood Bodies',71,74,NULL,NULL,NULL,NULL,NULL,NULL,'2018-03-06 15:55:46'),(38,'Asexual Structures Leaf Brood Bodies Terminal',72,73,NULL,NULL,NULL,0,1,0,'2018-03-06 15:55:46'),(39,'Calyptra',76,117,NULL,NULL,NULL,NULL,NULL,NULL,'2018-03-06 15:55:46'),(40,'Calyptra Presence',77,84,NULL,NULL,NULL,NULL,NULL,NULL,'2018-03-06 15:55:46'),(41,'Calyptra Presence Deciduous',78,79,NULL,NULL,NULL,1,1,0,'2018-03-06 15:55:46'),(42,'Calyptra Presence Persistent',80,81,NULL,NULL,NULL,1,1,0,'2018-03-06 15:55:46'),(43,'Calyptra Presence Rudimentary',82,83,NULL,NULL,NULL,1,1,0,'2018-03-06 15:55:46'),(44,'Calyptra Shape',85,106,NULL,NULL,NULL,NULL,NULL,NULL,'2018-03-06 15:55:46'),(45,'Calyptra Shape Calyptra Shape Short',86,87,NULL,NULL,NULL,1,0,0,'2018-03-06 15:55:46'),(46,'Calyptra Shape Campanulate',88,89,NULL,NULL,NULL,1,0,0,'2018-03-06 15:55:46'),(47,'Calyptra Shape Constricted Above Base',90,91,NULL,NULL,NULL,1,0,0,'2018-03-06 15:55:46'),(48,'Calyptra Shape Covers Capsule Completely',92,93,NULL,NULL,NULL,1,0,0,'2018-03-06 15:55:46'),(49,'Calyptra Shape Cucullate',94,95,NULL,NULL,NULL,0,0,0,'2018-03-06 15:55:46'),(50,'Calyptra Shape Dumbbell',96,97,NULL,NULL,NULL,1,0,0,'2018-03-06 15:55:46'),(51,'Calyptra Shape Inflated',98,99,NULL,NULL,NULL,1,0,0,'2018-03-06 15:55:46'),(52,'Calyptra Shape Lobed',100,101,NULL,NULL,NULL,1,0,0,'2018-03-06 15:55:46'),(53,'Calyptra Shape Long Cylindric',102,103,NULL,NULL,NULL,1,0,0,'2018-03-06 15:55:46'),(54,'Calyptra Shape Mitrate',104,105,NULL,NULL,NULL,1,0,0,'2018-03-06 15:55:46'),(55,'Calyptra Surface',107,116,NULL,NULL,NULL,NULL,NULL,NULL,'2018-03-06 15:55:46'),(56,'Calyptra Surface 4-Angled',108,109,NULL,NULL,NULL,1,1,0,'2018-03-06 15:55:46'),(57,'Calyptra Surface Base Lacerate',110,111,NULL,NULL,NULL,0,1,1,'2018-03-06 15:55:46'),(58,'Calyptra Surface Hairy',112,113,NULL,NULL,NULL,0,0,0,'2018-03-06 15:55:46'),(59,'Calyptra Surface Split',114,115,NULL,NULL,NULL,1,1,0,'2018-03-06 15:55:46'),(60,'Capsule',118,357,NULL,NULL,NULL,NULL,NULL,NULL,'2018-03-06 15:55:46'),(61,'Capsule Annulus',119,124,NULL,NULL,NULL,NULL,NULL,NULL,'2018-03-06 15:55:46'),(62,'Capsule Annulus Compound',120,121,NULL,NULL,NULL,0,0,1,'2018-03-06 15:55:46'),(63,'Capsule Annulus Simple',122,123,NULL,NULL,NULL,0,0,1,'2018-03-06 15:55:46'),(64,'Capsule Color',125,136,NULL,NULL,NULL,NULL,NULL,NULL,'2018-03-06 15:55:46'),(65,'Capsule Color Black',126,127,NULL,NULL,NULL,1,1,0,'2018-03-06 15:55:46'),(66,'Capsule Color Purple-Red',128,129,NULL,NULL,NULL,1,1,0,'2018-03-06 15:55:46'),(67,'Capsule Color Red',130,131,NULL,NULL,NULL,1,1,0,'2018-03-06 15:55:46'),(68,'Capsule Color Yellow',132,133,NULL,NULL,NULL,1,1,0,'2018-03-06 15:55:46'),(69,'Capsule Color Yellow-Orange',134,135,NULL,NULL,NULL,1,1,0,'2018-03-06 15:55:46'),(70,'Capsule Endostome',137,152,NULL,NULL,NULL,NULL,NULL,NULL,'2018-03-06 15:55:46'),(71,'Capsule Endostome Endostome Lacking',138,139,NULL,NULL,NULL,0,0,1,'2018-03-06 15:55:46'),(72,'Capsule Endostome Endostome Reduced',140,141,NULL,NULL,NULL,0,0,1,'2018-03-06 15:55:46'),(73,'Capsule Endostome Epiphragm Present',142,143,NULL,NULL,NULL,0,0,1,'2018-03-06 15:55:46'),(74,'Capsule Endostome Exothecial Cell Length Collenchymatous',144,145,NULL,NULL,NULL,0,0,1,'2018-03-06 15:55:46'),(75,'Capsule Endostome Fused Into Dome',146,147,NULL,NULL,NULL,0,1,1,'2018-03-06 15:55:46'),(76,'Capsule Endostome Longer Than Exostome',148,149,NULL,NULL,NULL,0,0,1,'2018-03-06 15:55:46'),(77,'Capsule Endostome Of 64 Papillose Filaments',150,151,NULL,NULL,NULL,0,0,1,'2018-03-06 15:55:46'),(78,'Capsule Hypophysis',153,170,NULL,NULL,NULL,NULL,NULL,NULL,'2018-03-06 15:55:46'),(79,'Capsule Hypophysis Colored',154,155,NULL,NULL,NULL,1,0,0,'2018-03-06 15:55:46'),(80,'Capsule Hypophysis Differentiated',156,157,NULL,NULL,NULL,1,1,0,'2018-03-06 15:55:46'),(81,'Capsule Hypophysis Narrower Than Urn',158,159,NULL,NULL,NULL,1,0,0,'2018-03-06 15:55:46'),(82,'Capsule Hypophysis Narrowly Pyriform',160,161,NULL,NULL,NULL,1,0,0,'2018-03-06 15:55:46'),(83,'Capsule Hypophysis Pyriform',162,163,NULL,NULL,NULL,1,0,0,'2018-03-06 15:55:46'),(84,'Capsule Hypophysis Same Color As Urn',164,165,NULL,NULL,NULL,1,0,0,'2018-03-06 15:55:46'),(85,'Capsule Hypophysis Turbinate',166,167,NULL,NULL,NULL,1,0,0,'2018-03-06 15:55:46'),(86,'Capsule Hypophysis Wrinkled When Dry',168,169,NULL,NULL,NULL,1,0,0,'2018-03-06 15:55:46'),(87,'Capsule Neck',171,180,NULL,NULL,NULL,NULL,NULL,NULL,'2018-03-06 15:55:46'),(88,'Capsule Neck About Equal To Capsule Length',172,173,NULL,NULL,NULL,1,1,0,'2018-03-06 15:55:46'),(89,'Capsule Neck More Than One-Half Capsule Length',174,175,NULL,NULL,NULL,1,1,0,'2018-03-06 15:55:46'),(90,'Capsule Neck More Than One-Quarter Capsule Length',176,177,NULL,NULL,NULL,1,1,0,'2018-03-06 15:55:46'),(91,'Capsule Neck More Than One-Tenth Capsule Length',178,179,NULL,NULL,NULL,1,1,0,'2018-03-06 15:55:46'),(92,'Capsule Opening',181,194,NULL,NULL,NULL,NULL,NULL,NULL,'2018-03-06 15:55:46'),(93,'Capsule Opening Cleistocarpous',182,183,NULL,NULL,NULL,0,1,0,'2018-03-06 15:55:46'),(94,'Capsule Opening Operculate',184,185,NULL,NULL,NULL,1,1,0,'2018-03-06 15:55:46'),(95,'Capsule Opening Rupturing Irregularly',186,187,NULL,NULL,NULL,1,1,0,'2018-03-06 15:55:46'),(96,'Capsule Opening Split Along 4 Sutures',188,189,NULL,NULL,NULL,1,1,0,'2018-03-06 15:55:46'),(97,'Capsule Opening Valvate',190,191,NULL,NULL,NULL,1,1,0,'2018-03-06 15:55:46'),(98,'Capsule Opening Valvate (4-Angled)',192,193,NULL,NULL,NULL,1,1,0,'2018-03-06 15:55:46'),(99,'Capsule Operculum',195,210,NULL,NULL,NULL,NULL,NULL,NULL,'2018-03-06 15:55:46'),(100,'Capsule Operculum Absent',196,197,NULL,NULL,NULL,0,0,0,'2018-03-06 15:55:46'),(101,'Capsule Operculum Attached To Columnella',198,199,NULL,NULL,NULL,0,1,0,'2018-03-06 15:55:46'),(102,'Capsule Operculum Conic',200,201,NULL,NULL,NULL,0,0,0,'2018-03-06 15:55:46'),(103,'Capsule Operculum Long-Beaked',202,203,NULL,NULL,NULL,1,1,0,'2018-03-06 15:55:46'),(104,'Capsule Operculum Present',204,205,NULL,NULL,NULL,0,1,0,'2018-03-06 15:55:46'),(105,'Capsule Operculum Rostrate',206,207,NULL,NULL,NULL,0,0,0,'2018-03-06 15:55:46'),(106,'Capsule Operculum Short-Beaked',208,209,NULL,NULL,NULL,1,1,0,'2018-03-06 15:55:46'),(107,'Capsule Orientation',211,226,NULL,NULL,NULL,NULL,NULL,NULL,'2018-03-06 15:55:46'),(108,'Capsule Orientation Exserted',212,213,NULL,NULL,NULL,1,0,0,'2018-03-06 15:55:46'),(109,'Capsule Orientation Immersed',214,215,NULL,NULL,NULL,1,1,0,'2018-03-06 15:55:46'),(110,'Capsule Orientation Inclined',216,217,NULL,NULL,NULL,1,1,0,'2018-03-06 15:55:46'),(111,'Capsule Orientation Lateral',218,219,NULL,NULL,NULL,1,0,0,'2018-03-06 15:55:46'),(112,'Capsule Orientation Nodding',220,221,NULL,NULL,NULL,0,0,0,'2018-03-06 15:55:46'),(113,'Capsule Orientation Terminal',222,223,NULL,NULL,NULL,1,0,0,'2018-03-06 15:55:46'),(114,'Capsule Orientation Various',224,225,NULL,NULL,NULL,1,1,0,'2018-03-06 15:55:46'),(115,'Capsule Peristome',227,246,NULL,NULL,NULL,NULL,NULL,NULL,'2018-03-06 15:55:46'),(116,'Capsule Peristome Basal Membrane Lacking',228,229,NULL,NULL,NULL,0,0,1,'2018-03-06 15:55:46'),(117,'Capsule Peristome Diplolepidous',230,231,NULL,NULL,NULL,0,0,1,'2018-03-06 15:55:46'),(118,'Capsule Peristome Double',232,233,NULL,NULL,NULL,0,0,1,'2018-03-06 15:55:46'),(119,'Capsule Peristome Haplolepideous',234,235,NULL,NULL,NULL,0,0,1,'2018-03-06 15:55:46'),(120,'Capsule Peristome Lacking',236,237,NULL,NULL,NULL,0,0,1,'2018-03-06 15:55:46'),(121,'Capsule Peristome Oblique',238,239,NULL,NULL,NULL,0,1,1,'2018-03-06 15:55:46'),(122,'Capsule Peristome Present',240,241,NULL,NULL,NULL,0,1,1,'2018-03-06 15:55:46'),(123,'Capsule Peristome Rudimentary',242,243,NULL,NULL,NULL,0,0,1,'2018-03-06 15:55:46'),(124,'Capsule Peristome Single',244,245,NULL,NULL,NULL,0,0,1,'2018-03-06 15:55:46'),(125,'Capsule Peristome Teeth',247,302,NULL,NULL,NULL,NULL,NULL,NULL,'2018-03-06 15:55:46'),(126,'Capsule Peristome Teeth 16 Obliquely Slanted',248,249,NULL,NULL,NULL,0,0,1,'2018-03-06 15:55:46'),(127,'Capsule Peristome Teeth 32 Erect',250,251,NULL,NULL,NULL,0,1,1,'2018-03-06 15:55:46'),(128,'Capsule Peristome Teeth 32 Twisted',252,253,NULL,NULL,NULL,0,1,1,'2018-03-06 15:55:46'),(129,'Capsule Peristome Teeth Chambered',254,255,NULL,NULL,NULL,0,0,1,'2018-03-06 15:55:46'),(130,'Capsule Peristome Teeth Divided To Half Their Length',256,257,NULL,NULL,NULL,0,0,1,'2018-03-06 15:55:46'),(131,'Capsule Peristome Teeth Divided To Mid-Point',258,259,NULL,NULL,NULL,0,0,1,'2018-03-06 15:55:46'),(132,'Capsule Peristome Teeth Entire',260,261,NULL,NULL,NULL,0,0,1,'2018-03-06 15:55:46'),(133,'Capsule Peristome Teeth Erect',262,263,NULL,NULL,NULL,0,0,1,'2018-03-06 15:55:46'),(134,'Capsule Peristome Teeth Flaring',264,265,NULL,NULL,NULL,1,1,1,'2018-03-06 15:55:46'),(135,'Capsule Peristome Teeth Flat',266,267,NULL,NULL,NULL,0,1,1,'2018-03-06 15:55:46'),(136,'Capsule Peristome Teeth Forked',268,269,NULL,NULL,NULL,0,1,1,'2018-03-06 15:55:46'),(137,'Capsule Peristome Teeth Four Prominent',270,271,NULL,NULL,NULL,1,1,1,'2018-03-06 15:55:46'),(138,'Capsule Peristome Teeth Fused At Tip',272,273,NULL,NULL,NULL,0,1,1,'2018-03-06 15:55:46'),(139,'Capsule Peristome Teeth Lanceolate',274,275,NULL,NULL,NULL,0,1,1,'2018-03-06 15:55:46'),(140,'Capsule Peristome Teeth Lanceolate (8, 16 Or 32)',276,277,NULL,NULL,NULL,0,1,1,'2018-03-06 15:55:46'),(141,'Capsule Peristome Teeth Long',278,279,NULL,NULL,NULL,0,1,1,'2018-03-06 15:55:46'),(142,'Capsule Peristome Teeth Mere Stubs',280,281,NULL,NULL,NULL,0,0,1,'2018-03-06 15:55:46'),(143,'Capsule Peristome Teeth On High Basal Membrane',282,283,NULL,NULL,NULL,1,1,0,'2018-03-06 15:55:46'),(144,'Capsule Peristome Teeth On Low Basal Membrane',284,285,NULL,NULL,NULL,0,1,0,'2018-03-06 15:55:46'),(145,'Capsule Peristome Teeth Papillose',286,287,NULL,NULL,NULL,0,0,1,'2018-03-06 15:55:46'),(146,'Capsule Peristome Teeth Pitted-Striolate Below',288,289,NULL,NULL,NULL,0,0,1,'2018-03-06 15:55:46'),(147,'Capsule Peristome Teeth Round',290,291,NULL,NULL,NULL,0,0,1,'2018-03-06 15:55:46'),(148,'Capsule Peristome Teeth Short',292,293,NULL,NULL,NULL,0,1,1,'2018-03-06 15:55:46'),(149,'Capsule Peristome Teeth Split',294,295,NULL,NULL,NULL,0,1,1,'2018-03-06 15:55:46'),(150,'Capsule Peristome Teeth Striolate',296,297,NULL,NULL,NULL,0,0,1,'2018-03-06 15:55:46'),(151,'Capsule Peristome Teeth Twisted',298,299,NULL,NULL,NULL,1,1,1,'2018-03-06 15:55:46'),(152,'Capsule Peristome Teeth Wide-Flaring',300,301,NULL,NULL,NULL,1,1,1,'2018-03-06 15:55:46'),(153,'Capsule Shape',303,336,NULL,NULL,NULL,NULL,NULL,NULL,'2018-03-06 15:55:46'),(154,'Capsule Shape Asymmetric',304,305,NULL,NULL,NULL,1,1,0,'2018-03-06 15:55:46'),(155,'Capsule Shape Curved',306,307,NULL,NULL,NULL,1,1,0,'2018-03-06 15:55:46'),(156,'Capsule Shape Cylindric',308,309,NULL,NULL,NULL,1,1,0,'2018-03-06 15:55:46'),(157,'Capsule Shape Four-Angled And Split',310,311,NULL,NULL,NULL,1,1,0,'2018-03-06 15:55:46'),(158,'Capsule Shape Globose',312,313,NULL,NULL,NULL,1,1,0,'2018-03-06 15:55:46'),(159,'Capsule Shape Oblong',314,315,NULL,NULL,NULL,1,1,0,'2018-03-06 15:55:46'),(160,'Capsule Shape Ovoid',316,317,NULL,NULL,NULL,1,1,0,'2018-03-06 15:55:46'),(161,'Capsule Shape Pyriform',318,319,NULL,NULL,NULL,1,1,0,'2018-03-06 15:55:46'),(162,'Capsule Shape Pyriforme',320,321,NULL,NULL,NULL,1,1,0,'2018-03-06 15:55:46'),(163,'Capsule Shape Sharply Four To Five Angled',322,323,NULL,NULL,NULL,0,1,0,'2018-03-06 15:55:46'),(164,'Capsule Shape Short',324,325,NULL,NULL,NULL,1,1,0,'2018-03-06 15:55:46'),(165,'Capsule Shape Strumose',326,327,NULL,NULL,NULL,1,1,0,'2018-03-06 15:55:46'),(166,'Capsule Shape Swollen To One Side',328,329,NULL,NULL,NULL,1,1,0,'2018-03-06 15:55:46'),(167,'Capsule Shape Symmetric',330,331,NULL,NULL,NULL,1,1,0,'2018-03-06 15:55:46'),(168,'Capsule Shape Terete',332,333,NULL,NULL,NULL,1,1,0,'2018-03-06 15:55:46'),(169,'Capsule Shape Urn',334,335,NULL,NULL,NULL,1,1,0,'2018-03-06 15:55:46'),(170,'Capsule Surface',337,356,NULL,NULL,NULL,NULL,NULL,NULL,'2018-03-06 15:55:46'),(171,'Capsule Surface Furrowed',338,339,NULL,NULL,NULL,1,1,0,'2018-03-06 15:55:46'),(172,'Capsule Surface Ribbed When Dry',340,341,NULL,NULL,NULL,1,1,0,'2018-03-06 15:55:46'),(173,'Capsule Surface Ribs Red',342,343,NULL,NULL,NULL,1,1,0,'2018-03-06 15:55:46'),(174,'Capsule Surface Rugulose',344,345,NULL,NULL,NULL,0,1,0,'2018-03-06 15:55:46'),(175,'Capsule Surface Smooth',346,347,NULL,NULL,NULL,0,1,0,'2018-03-06 15:55:46'),(176,'Capsule Surface Smooth When Dry',348,349,NULL,NULL,NULL,1,1,0,'2018-03-06 15:55:46'),(177,'Capsule Surface Stomata In Sunken Crypts',350,351,NULL,NULL,NULL,0,0,1,'2018-03-06 15:55:46'),(178,'Capsule Surface Stomata Superficial',352,353,NULL,NULL,NULL,0,0,1,'2018-03-06 15:55:46'),(179,'Capsule Surface With Stomatose Neck',354,355,NULL,NULL,NULL,0,1,1,'2018-03-06 15:55:46'),(180,'Costa',358,485,NULL,NULL,NULL,NULL,NULL,NULL,'2018-03-06 15:55:46'),(181,'Costa Branching',359,378,NULL,NULL,NULL,NULL,NULL,NULL,'2018-03-06 15:55:46'),(182,'Costa Branching Branched',360,361,NULL,NULL,NULL,0,1,1,'2018-03-06 15:55:46'),(183,'Costa Branching Equal Length',362,363,NULL,NULL,NULL,0,1,1,'2018-03-06 15:55:46'),(184,'Costa Branching Joined At Base',364,365,NULL,NULL,NULL,0,0,1,'2018-03-06 15:55:46'),(185,'Costa Branching Not Joined At Base',366,367,NULL,NULL,NULL,0,0,1,'2018-03-06 15:55:46'),(186,'Costa Branching Of Different Lengths',368,369,NULL,NULL,NULL,0,1,1,'2018-03-06 15:55:46'),(187,'Costa Branching Of Unequal Length',370,371,NULL,NULL,NULL,0,1,1,'2018-03-06 15:55:46'),(188,'Costa Branching One-Half Leaf Length',372,373,NULL,NULL,NULL,0,1,1,'2018-03-06 15:55:46'),(189,'Costa Branching With Lateral Spurs',374,375,NULL,NULL,NULL,0,0,1,'2018-03-06 15:55:46'),(190,'Costa Branching With Several Minor Supplementary Costae',376,377,NULL,NULL,NULL,0,0,1,'2018-03-06 15:55:46'),(191,'Costa Color',379,386,NULL,NULL,NULL,NULL,NULL,NULL,'2018-03-06 15:55:46'),(192,'Costa Color Dorsal Cell Green & Striped',380,381,NULL,NULL,NULL,0,0,1,'2018-03-06 15:55:46'),(193,'Costa Color Opaque',382,383,NULL,NULL,NULL,0,1,1,'2018-03-06 15:55:46'),(194,'Costa Color Orange',384,385,NULL,NULL,NULL,0,1,1,'2018-03-06 15:55:46'),(195,'Costa Layers',387,396,NULL,NULL,NULL,NULL,NULL,NULL,'2018-03-06 15:55:46'),(196,'Costa Layers Hyaline In Upper And Lower Layers',388,389,NULL,NULL,NULL,0,0,1,'2018-03-06 15:55:46'),(197,'Costa Layers Middle And Dorsal Green And Striped',390,391,NULL,NULL,NULL,0,0,1,'2018-03-06 15:55:46'),(198,'Costa Layers Middle Layer Green',392,393,NULL,NULL,NULL,0,0,1,'2018-03-06 15:55:46'),(199,'Costa Layers Three To Four Layers (Mid Layer Green, Outer Layers Hyaline)',394,395,NULL,NULL,NULL,0,0,1,'2018-03-06 15:55:46'),(200,'Costa Length',397,422,NULL,NULL,NULL,NULL,NULL,NULL,'2018-03-06 15:55:46'),(201,'Costa Length Costa Ending Above Mid-Leaf',398,399,NULL,NULL,NULL,0,1,0,'2018-03-06 15:55:46'),(202,'Costa Length Ending In Spine',400,401,NULL,NULL,NULL,0,1,1,'2018-03-06 15:55:46'),(203,'Costa Length Ending Near Apex',402,403,NULL,NULL,NULL,0,1,1,'2018-03-06 15:55:46'),(204,'Costa Length Excurrent',404,405,NULL,NULL,NULL,0,1,0,'2018-03-06 15:55:46'),(205,'Costa Length Less Than One-Third Leaf Length',406,407,NULL,NULL,NULL,0,1,0,'2018-03-06 15:55:46'),(206,'Costa Length Long',408,409,NULL,NULL,NULL,0,0,0,'2018-03-06 15:55:46'),(207,'Costa Length More Than One-Third Leaf Length',410,411,NULL,NULL,NULL,0,1,0,'2018-03-06 15:55:46'),(208,'Costa Length More Than Two-Thirds Leaf Length',412,413,NULL,NULL,NULL,0,1,0,'2018-03-06 15:55:46'),(209,'Costa Length One-Third To Two-Thirds Leaf Length',414,415,NULL,NULL,NULL,0,1,0,'2018-03-06 15:55:46'),(210,'Costa Length Percurrent',416,417,NULL,NULL,NULL,0,1,0,'2018-03-06 15:55:46'),(211,'Costa Length Short',418,419,NULL,NULL,NULL,0,0,0,'2018-03-06 15:55:46'),(212,'Costa Length Three Quarters Leaf Length',420,421,NULL,NULL,NULL,0,1,1,'2018-03-06 15:55:46'),(213,'Costa Number/Size',423,438,NULL,NULL,NULL,NULL,NULL,NULL,'2018-03-06 15:55:46'),(214,'Costa Number/Size Double',424,425,NULL,NULL,NULL,0,1,1,'2018-03-06 15:55:46'),(215,'Costa Number/Size Extremely Reduced',426,427,NULL,NULL,NULL,0,1,1,'2018-03-06 15:55:46'),(216,'Costa Number/Size Flexuose Above',428,429,NULL,NULL,NULL,0,0,1,'2018-03-06 15:55:46'),(217,'Costa Number/Size None',430,431,NULL,NULL,NULL,0,0,0,'2018-03-06 15:55:46'),(218,'Costa Number/Size Short',432,433,NULL,NULL,NULL,0,0,0,'2018-03-06 15:55:46'),(219,'Costa Number/Size Single',434,435,NULL,NULL,NULL,0,1,1,'2018-03-06 15:55:46'),(220,'Costa Number/Size Variable',436,437,NULL,NULL,NULL,0,1,1,'2018-03-06 15:55:46'),(221,'Costa Ornamentation',439,450,NULL,NULL,NULL,NULL,NULL,NULL,'2018-03-06 15:55:46'),(222,'Costa Ornamentation Axillary Hairs',440,441,NULL,NULL,NULL,0,1,1,'2018-03-06 15:55:46'),(223,'Costa Ornamentation Present',442,443,NULL,NULL,NULL,0,0,0,'2018-03-06 15:55:46'),(224,'Costa Ornamentation Spines',444,445,NULL,NULL,NULL,0,1,1,'2018-03-06 15:55:46'),(225,'Costa Ornamentation Teeth',446,447,NULL,NULL,NULL,0,1,1,'2018-03-06 15:55:46'),(226,'Costa Ornamentation Toothed On Back',448,449,NULL,NULL,NULL,0,1,1,'2018-03-06 15:55:46'),(227,'Costa Stereid Bands',451,462,NULL,NULL,NULL,NULL,NULL,NULL,'2018-03-06 15:55:46'),(228,'Costa Stereid Bands Absent',452,453,NULL,NULL,NULL,0,0,0,'2018-03-06 15:55:46'),(229,'Costa Stereid Bands Dorsal',454,455,NULL,NULL,NULL,0,0,1,'2018-03-06 15:55:46'),(230,'Costa Stereid Bands Double',456,457,NULL,NULL,NULL,0,0,1,'2018-03-06 15:55:46'),(231,'Costa Stereid Bands Single',458,459,NULL,NULL,NULL,0,0,1,'2018-03-06 15:55:46'),(232,'Costa Stereid Bands Ventral',460,461,NULL,NULL,NULL,0,0,1,'2018-03-06 15:55:46'),(233,'Costa Width',463,484,NULL,NULL,NULL,NULL,NULL,NULL,'2018-03-06 15:55:46'),(234,'Costa Width Costa Width Narrow',464,465,NULL,NULL,NULL,0,1,0,'2018-03-06 15:55:46'),(235,'Costa Width Costa Width Very Narrow',466,467,NULL,NULL,NULL,0,1,0,'2018-03-06 15:55:46'),(236,'Costa Width Costa Width Very Wide',468,469,NULL,NULL,NULL,0,1,0,'2018-03-06 15:55:46'),(237,'Costa Width Costa Width Wide',470,471,NULL,NULL,NULL,0,1,0,'2018-03-06 15:55:46'),(238,'Costa Width Equals Leaf Width',472,473,NULL,NULL,NULL,0,1,0,'2018-03-06 15:55:46'),(239,'Costa Width Greater Than One-Half Leaf Width',474,475,NULL,NULL,NULL,0,1,0,'2018-03-06 15:55:46'),(240,'Costa Width Greater Than One-Third Leaf Width',476,477,NULL,NULL,NULL,0,1,0,'2018-03-06 15:55:46'),(241,'Costa Width Less Than One-Fifth Leaf Width',478,479,NULL,NULL,NULL,0,1,0,'2018-03-06 15:55:46'),(242,'Costa Width One-Third To One-Half Leaf Width',480,481,NULL,NULL,NULL,0,1,0,'2018-03-06 15:55:46'),(243,'Costa Width Weak At Base',482,483,NULL,NULL,NULL,0,1,0,'2018-03-06 15:55:46'),(244,'Growth Form',486,559,NULL,NULL,NULL,NULL,NULL,NULL,'2018-03-06 15:55:46'),(245,'Growth Form Whole Plant Orientation',487,558,NULL,NULL,NULL,NULL,NULL,NULL,'2018-03-06 15:55:46'),(246,'Growth Form Whole Plant Orientation Angular',488,489,NULL,NULL,NULL,1,1,0,'2018-03-06 15:55:46'),(247,'Growth Form Whole Plant Orientation Arched',490,491,NULL,NULL,NULL,1,0,0,'2018-03-06 15:55:46'),(248,'Growth Form Whole Plant Orientation Ascending',492,493,NULL,NULL,NULL,1,0,0,'2018-03-06 15:55:46'),(249,'Growth Form Whole Plant Orientation At Right Angles To Bark',494,495,NULL,NULL,NULL,1,0,0,'2018-03-06 15:55:46'),(250,'Growth Form Whole Plant Orientation Braided',496,497,NULL,NULL,NULL,1,0,0,'2018-03-06 15:55:46'),(251,'Growth Form Whole Plant Orientation Bud-Like',498,499,NULL,NULL,NULL,1,1,0,'2018-03-06 15:55:46'),(252,'Growth Form Whole Plant Orientation Bulbiform',500,501,NULL,NULL,NULL,1,1,0,'2018-03-06 15:55:46'),(253,'Growth Form Whole Plant Orientation Complanate',502,503,NULL,NULL,NULL,1,1,0,'2018-03-06 15:55:46'),(254,'Growth Form Whole Plant Orientation Creeping',504,505,NULL,NULL,NULL,1,0,0,'2018-03-06 15:55:46'),(255,'Growth Form Whole Plant Orientation Curled When Dry',506,507,NULL,NULL,NULL,1,1,0,'2018-03-06 15:55:46'),(256,'Growth Form Whole Plant Orientation Curved When Dry',508,509,NULL,NULL,NULL,1,1,0,'2018-03-06 15:55:46'),(257,'Growth Form Whole Plant Orientation Cushion',510,511,NULL,NULL,NULL,1,0,0,'2018-03-06 15:55:46'),(258,'Growth Form Whole Plant Orientation Dendroid',512,513,NULL,NULL,NULL,1,0,0,'2018-03-06 15:55:46'),(259,'Growth Form Whole Plant Orientation Erect',514,515,NULL,NULL,NULL,1,0,0,'2018-03-06 15:55:46'),(260,'Growth Form Whole Plant Orientation Festooning',516,517,NULL,NULL,NULL,1,0,0,'2018-03-06 15:55:46'),(261,'Growth Form Whole Plant Orientation Flat',518,519,NULL,NULL,NULL,1,0,0,'2018-03-06 15:55:46'),(262,'Growth Form Whole Plant Orientation Flat On Top',520,521,NULL,NULL,NULL,1,0,0,'2018-03-06 15:55:46'),(263,'Growth Form Whole Plant Orientation Forked',522,523,NULL,NULL,NULL,1,0,0,'2018-03-06 15:55:46'),(264,'Growth Form Whole Plant Orientation Frondose',524,525,NULL,NULL,NULL,1,0,0,'2018-03-06 15:55:46'),(265,'Growth Form Whole Plant Orientation Horizontal',526,527,NULL,NULL,NULL,1,0,0,'2018-03-06 15:55:46'),(266,'Growth Form Whole Plant Orientation Julaceous',528,529,NULL,NULL,NULL,1,0,0,'2018-03-06 15:55:46'),(267,'Growth Form Whole Plant Orientation Julaceous When Dry',530,531,NULL,NULL,NULL,0,0,0,'2018-03-06 15:55:46'),(268,'Growth Form Whole Plant Orientation Julaceous When Wet',532,533,NULL,NULL,NULL,1,0,0,'2018-03-06 15:55:46'),(269,'Growth Form Whole Plant Orientation Large Mat',534,535,NULL,NULL,NULL,1,0,0,'2018-03-06 15:55:46'),(270,'Growth Form Whole Plant Orientation Mat',536,537,NULL,NULL,NULL,1,0,0,'2018-03-06 15:55:46'),(271,'Growth Form Whole Plant Orientation Pendulous',538,539,NULL,NULL,NULL,1,0,0,'2018-03-06 15:55:46'),(272,'Growth Form Whole Plant Orientation Plumose',540,541,NULL,NULL,NULL,1,0,0,'2018-03-06 15:55:46'),(273,'Growth Form Whole Plant Orientation Prostrate',542,543,NULL,NULL,NULL,1,0,0,'2018-03-06 15:55:46'),(274,'Growth Form Whole Plant Orientation Round',544,545,NULL,NULL,NULL,1,1,0,'2018-03-06 15:55:46'),(275,'Growth Form Whole Plant Orientation Sticking Straight Out From Vertical Surface',546,547,NULL,NULL,NULL,1,0,0,'2018-03-06 15:55:46'),(276,'Growth Form Whole Plant Orientation Stoloniferous',548,549,NULL,NULL,NULL,1,1,0,'2018-03-06 15:55:46'),(277,'Growth Form Whole Plant Orientation Triangular',550,551,NULL,NULL,NULL,1,1,0,'2018-03-06 15:55:46'),(278,'Growth Form Whole Plant Orientation Tufted',552,553,NULL,NULL,NULL,1,0,0,'2018-03-06 15:55:46'),(279,'Growth Form Whole Plant Orientation Winter Annual',554,555,NULL,NULL,NULL,1,0,0,'2018-03-06 15:55:46'),(280,'Growth Form Whole Plant Orientation Wiry',556,557,NULL,NULL,NULL,1,0,0,'2018-03-06 15:55:46'),(281,'Growth Form/Appearance',560,665,NULL,NULL,NULL,NULL,NULL,NULL,'2018-03-06 15:55:46'),(282,'Growth Form/Appearance Branch Orientation',561,576,NULL,NULL,NULL,NULL,NULL,NULL,'2018-03-06 15:55:46'),(283,'Growth Form/Appearance Branch Orientation In One Plane',562,563,NULL,NULL,NULL,1,0,0,'2018-03-06 15:55:46'),(284,'Growth Form/Appearance Branch Orientation Pendulous',564,565,NULL,NULL,NULL,1,0,0,'2018-03-06 15:55:46'),(285,'Growth Form/Appearance Branch Orientation Terete',566,567,NULL,NULL,NULL,0,1,0,'2018-03-06 15:55:46'),(286,'Growth Form/Appearance Branch Orientation Tips Indistinctly Curled When Dry',568,569,NULL,NULL,NULL,1,1,0,'2018-03-06 15:55:46'),(287,'Growth Form/Appearance Branch Orientation Tips Loosely Upturned',570,571,NULL,NULL,NULL,1,1,0,'2018-03-06 15:55:46'),(288,'Growth Form/Appearance Branch Orientation Tips Strongly Curled When Dry',572,573,NULL,NULL,NULL,1,1,0,'2018-03-06 15:55:46'),(289,'Growth Form/Appearance Branch Orientation Tips Strongly Upturned',574,575,NULL,NULL,NULL,1,1,0,'2018-03-06 15:55:46'),(290,'Growth Form/Appearance Branching',577,598,NULL,NULL,NULL,NULL,NULL,NULL,'2018-03-06 15:55:46'),(291,'Growth Form/Appearance Branching 2 To 3 Pinnate',578,579,NULL,NULL,NULL,1,1,0,'2018-03-06 15:55:46'),(292,'Growth Form/Appearance Branching Bipinnate (Frondose)',580,581,NULL,NULL,NULL,1,1,0,'2018-03-06 15:55:46'),(293,'Growth Form/Appearance Branching Evenly Pinnate',582,583,NULL,NULL,NULL,1,1,0,'2018-03-06 15:55:46'),(294,'Growth Form/Appearance Branching Irregular',584,585,NULL,NULL,NULL,1,1,0,'2018-03-06 15:55:46'),(295,'Growth Form/Appearance Branching Once Pinnate',586,587,NULL,NULL,NULL,1,1,0,'2018-03-06 15:55:46'),(296,'Growth Form/Appearance Branching Pinnate',588,589,NULL,NULL,NULL,1,1,0,'2018-03-06 15:55:46'),(297,'Growth Form/Appearance Branching Plant Branching Stepwise Flat Fronds',590,591,NULL,NULL,NULL,1,0,0,'2018-03-06 15:55:46'),(298,'Growth Form/Appearance Branching Rare',592,593,NULL,NULL,NULL,1,1,0,'2018-03-06 15:55:46'),(299,'Growth Form/Appearance Branching Repeatedly Forked',594,595,NULL,NULL,NULL,1,1,0,'2018-03-06 15:55:46'),(300,'Growth Form/Appearance Branching Stepwise',596,597,NULL,NULL,NULL,1,0,0,'2018-03-06 15:55:46'),(301,'Growth Form/Appearance Secondary Stem',599,608,NULL,NULL,NULL,NULL,NULL,NULL,'2018-03-06 15:55:46'),(302,'Growth Form/Appearance Secondary Stem Ascending',600,601,NULL,NULL,NULL,1,1,0,'2018-03-06 15:55:46'),(303,'Growth Form/Appearance Secondary Stem Erect',602,603,NULL,NULL,NULL,1,1,0,'2018-03-06 15:55:46'),(304,'Growth Form/Appearance Secondary Stem Prostrate',604,605,NULL,NULL,NULL,1,1,0,'2018-03-06 15:55:46'),(305,'Growth Form/Appearance Secondary Stem Sub-Pinnately Branched',606,607,NULL,NULL,NULL,1,1,0,'2018-03-06 15:55:46'),(306,'Growth Form/Appearance Stem',609,640,NULL,NULL,NULL,NULL,NULL,NULL,'2018-03-06 15:55:46'),(307,'Growth Form/Appearance Stem Angular',610,611,NULL,NULL,NULL,0,1,0,'2018-03-06 15:55:46'),(308,'Growth Form/Appearance Stem Creeping',612,613,NULL,NULL,NULL,1,0,0,'2018-03-06 15:55:46'),(309,'Growth Form/Appearance Stem Forked',614,615,NULL,NULL,NULL,1,1,0,'2018-03-06 15:55:46'),(310,'Growth Form/Appearance Stem Rhizome-Like',616,617,NULL,NULL,NULL,1,1,0,'2018-03-06 15:55:46'),(311,'Growth Form/Appearance Stem Single',618,619,NULL,NULL,NULL,1,0,0,'2018-03-06 15:55:46'),(312,'Growth Form/Appearance Stem Smooth',620,621,NULL,NULL,NULL,0,1,0,'2018-03-06 15:55:46'),(313,'Growth Form/Appearance Stem Sterile Stem Complanate',622,623,NULL,NULL,NULL,0,1,0,'2018-03-06 15:55:46'),(314,'Growth Form/Appearance Stem Sterile Stem Erect',624,625,NULL,NULL,NULL,1,0,0,'2018-03-06 15:55:46'),(315,'Growth Form/Appearance Stem Sterile Stem Prostrate',626,627,NULL,NULL,NULL,1,0,0,'2018-03-06 15:55:46'),(316,'Growth Form/Appearance Stem Straight When Dry',628,629,NULL,NULL,NULL,1,0,0,'2018-03-06 15:55:46'),(317,'Growth Form/Appearance Stem Terete',630,631,NULL,NULL,NULL,0,1,0,'2018-03-06 15:55:46'),(318,'Growth Form/Appearance Stem Triangular',632,633,NULL,NULL,NULL,0,1,0,'2018-03-06 15:55:46'),(319,'Growth Form/Appearance Stem With Central Strand',634,635,NULL,NULL,NULL,0,0,1,'2018-03-06 15:55:46'),(320,'Growth Form/Appearance Stem With Central Strand Of Small Cell Length',636,637,NULL,NULL,NULL,0,0,1,'2018-03-06 15:55:46'),(321,'Growth Form/Appearance Stem With Hyalodermis',638,639,NULL,NULL,NULL,0,0,1,'2018-03-06 15:55:46'),(322,'Growth Form/Appearance Stem Color',641,648,NULL,NULL,NULL,NULL,NULL,NULL,'2018-03-06 15:55:46'),(323,'Growth Form/Appearance Stem Color Green',642,643,NULL,NULL,NULL,1,1,0,'2018-03-06 15:55:46'),(324,'Growth Form/Appearance Stem Color Orange',644,645,NULL,NULL,NULL,1,1,0,'2018-03-06 15:55:46'),(325,'Growth Form/Appearance Stem Color Red',646,647,NULL,NULL,NULL,1,1,0,'2018-03-06 15:55:46'),(326,'Growth Form/Appearance Whole Plant Size',649,664,NULL,NULL,NULL,NULL,NULL,NULL,'2018-03-06 15:55:46'),(327,'Growth Form/Appearance Whole Plant Size More Than 5 Mm',650,651,NULL,NULL,NULL,1,1,0,'2018-03-06 15:55:46'),(328,'Growth Form/Appearance Whole Plant Size Mostly Less Than 1 Cm',652,653,NULL,NULL,NULL,1,1,0,'2018-03-06 15:55:46'),(329,'Growth Form/Appearance Whole Plant Size Mostly More Than 1 Cm',654,655,NULL,NULL,NULL,1,1,0,'2018-03-06 15:55:46'),(330,'Growth Form/Appearance Whole Plant Size Plant Size Minute',656,657,NULL,NULL,NULL,0,1,0,'2018-03-06 15:55:46'),(331,'Growth Form/Appearance Whole Plant Size Plant Size Very Small (Up To 2 Mm)',658,659,NULL,NULL,NULL,1,1,0,'2018-03-06 15:55:46'),(332,'Growth Form/Appearance Whole Plant Size Pygmy Ephemerals',660,661,NULL,NULL,NULL,0,1,0,'2018-03-06 15:55:46'),(333,'Growth Form/Appearance Whole Plant Size Small (Up To 5 Mm)',662,663,NULL,NULL,NULL,1,1,0,'2018-03-06 15:55:46'),(334,'Habitat',666,695,NULL,NULL,NULL,NULL,NULL,NULL,'2018-03-06 15:55:46'),(335,'Habitat Area',667,694,NULL,NULL,NULL,NULL,NULL,NULL,'2018-03-06 15:55:46'),(336,'Habitat Area Actic-Alpine',668,669,NULL,NULL,NULL,1,0,0,'2018-03-06 15:55:46'),(337,'Habitat Area Cliff',670,671,NULL,NULL,NULL,1,0,0,'2018-03-06 15:55:46'),(338,'Habitat Area Desert',672,673,NULL,NULL,NULL,0,0,0,'2018-03-06 15:55:46'),(339,'Habitat Area Disturbed Recently',674,675,NULL,NULL,NULL,1,0,0,'2018-03-06 15:55:46'),(340,'Habitat Area Disturbed Weedy',676,677,NULL,NULL,NULL,1,0,0,'2018-03-06 15:55:46'),(341,'Habitat Area In Crevice',678,679,NULL,NULL,NULL,1,0,0,'2018-03-06 15:55:46'),(342,'Habitat Area Managed - Agricultural',680,681,NULL,NULL,NULL,1,0,0,'2018-03-06 15:55:46'),(343,'Habitat Area Managed - Lawn',682,683,NULL,NULL,NULL,1,0,0,'2018-03-06 15:55:46'),(344,'Habitat Area Mountains',684,685,NULL,NULL,NULL,1,0,0,'2018-03-06 15:55:46'),(345,'Habitat Area Other Intensive',686,687,NULL,NULL,NULL,1,0,0,'2018-03-06 15:55:46'),(346,'Habitat Area Underside Of Rock Overhangs',688,689,NULL,NULL,NULL,1,0,0,'2018-03-06 15:55:46'),(347,'Habitat Area Vertical Substrate',690,691,NULL,NULL,NULL,1,0,0,'2018-03-06 15:55:46'),(348,'Habitat Area Within Coast Influence',692,693,NULL,NULL,NULL,1,0,0,'2018-03-06 15:55:46'),(349,'Leaf Appearance',696,741,NULL,NULL,NULL,NULL,NULL,NULL,'2018-03-06 15:55:46'),(350,'Leaf Appearance Color',697,740,NULL,NULL,NULL,NULL,NULL,NULL,'2018-03-06 15:55:46'),(351,'Leaf Appearance Color Alar Cell Margin Hyaline',698,699,NULL,NULL,NULL,0,1,1,'2018-03-06 15:55:46'),(352,'Leaf Appearance Color Alar Cell Margin Yellow-Brown',700,701,NULL,NULL,NULL,0,1,1,'2018-03-06 15:55:46'),(353,'Leaf Appearance Color Alar Cell Reddish',702,703,NULL,NULL,NULL,0,1,1,'2018-03-06 15:55:46'),(354,'Leaf Appearance Color Alar Cells Pale',704,705,NULL,NULL,NULL,0,1,1,'2018-03-06 15:55:46'),(355,'Leaf Appearance Color Basal Cell Hyaline',706,707,NULL,NULL,NULL,0,1,1,'2018-03-06 15:55:46'),(356,'Leaf Appearance Color Basal Cell Pellucid',708,709,NULL,NULL,NULL,0,1,1,'2018-03-06 15:55:46'),(357,'Leaf Appearance Color Basal Cell Yellow',710,711,NULL,NULL,NULL,0,1,1,'2018-03-06 15:55:46'),(358,'Leaf Appearance Color Black',712,713,NULL,NULL,NULL,1,1,0,'2018-03-06 15:55:46'),(359,'Leaf Appearance Color Green Striations',714,715,NULL,NULL,NULL,0,1,0,'2018-03-06 15:55:46'),(360,'Leaf Appearance Color Groups Of Hyaline Cells',716,717,NULL,NULL,NULL,1,1,0,'2018-03-06 15:55:46'),(361,'Leaf Appearance Color Inner Basal Cell Pale',718,719,NULL,NULL,NULL,0,1,1,'2018-03-06 15:55:46'),(362,'Leaf Appearance Color Inner Basal Cell Pale',720,721,NULL,NULL,NULL,0,1,1,'2018-03-06 15:55:46'),(363,'Leaf Appearance Color Inner Basal Cell Pellucid',722,723,NULL,NULL,NULL,0,1,1,'2018-03-06 15:55:46'),(364,'Leaf Appearance Color Leaf Apex Cell Yellow',724,725,NULL,NULL,NULL,0,1,1,'2018-03-06 15:55:46'),(365,'Leaf Appearance Color Leaf Basal Cell Color Brown',726,727,NULL,NULL,NULL,0,1,1,'2018-03-06 15:55:46'),(366,'Leaf Appearance Color Leaf Basal Cell Color Green',728,729,NULL,NULL,NULL,0,1,1,'2018-03-06 15:55:46'),(367,'Leaf Appearance Color Leaf Border Orange',730,731,NULL,NULL,NULL,0,1,1,'2018-03-06 15:55:46'),(368,'Leaf Appearance Color Older Leaf Brick-Red',732,733,NULL,NULL,NULL,1,1,0,'2018-03-06 15:55:46'),(369,'Leaf Appearance Color Older Leaf Brownish-Green',734,735,NULL,NULL,NULL,1,1,0,'2018-03-06 15:55:46'),(370,'Leaf Appearance Color Surface Shiny',736,737,NULL,NULL,NULL,1,1,0,'2018-03-06 15:55:46'),(371,'Leaf Appearance Color Translucent',738,739,NULL,NULL,NULL,1,1,0,'2018-03-06 15:55:46'),(372,'Leaf Arrangement',742,807,NULL,NULL,NULL,NULL,NULL,NULL,'2018-03-06 15:55:46'),(373,'Leaf Arrangement Leaf Dimorphism',743,764,NULL,NULL,NULL,NULL,NULL,NULL,'2018-03-06 15:55:46'),(374,'Leaf Arrangement Leaf Dimorphism Dimorphic',744,745,NULL,NULL,NULL,1,1,0,'2018-03-06 15:55:46'),(375,'Leaf Arrangement Leaf Dimorphism Dimorphic (On Same Axis)',746,747,NULL,NULL,NULL,0,1,0,'2018-03-06 15:55:46'),(376,'Leaf Arrangement Leaf Dimorphism Dimorphic (Stem Vs Branch)',748,749,NULL,NULL,NULL,0,1,0,'2018-03-06 15:55:46'),(377,'Leaf Arrangement Leaf Dimorphism Dimorphic (Ventral Amphigastria)',750,751,NULL,NULL,NULL,1,1,0,'2018-03-06 15:55:46'),(378,'Leaf Arrangement Leaf Dimorphism Dorsal Leaves Smaller',752,753,NULL,NULL,NULL,1,1,0,'2018-03-06 15:55:46'),(379,'Leaf Arrangement Leaf Dimorphism Leavese Homomallous',754,755,NULL,NULL,NULL,1,1,0,'2018-03-06 15:55:46'),(380,'Leaf Arrangement Leaf Dimorphism Smaller Leaves In A Double Row',756,757,NULL,NULL,NULL,0,1,0,'2018-03-06 15:55:46'),(381,'Leaf Arrangement Leaf Dimorphism Smaller Leaves In A Single Row',758,759,NULL,NULL,NULL,0,1,0,'2018-03-06 15:55:46'),(382,'Leaf Arrangement Leaf Dimorphism Smaller Leaves On Lower Side Of Stem',760,761,NULL,NULL,NULL,0,1,1,'2018-03-06 15:55:46'),(383,'Leaf Arrangement Leaf Dimorphism Smaller Leaves On Upper Side Of Stem',762,763,NULL,NULL,NULL,0,1,1,'2018-03-06 15:55:46'),(384,'Leaf Arrangement Orientation',765,796,NULL,NULL,NULL,NULL,NULL,NULL,'2018-03-06 15:55:46'),(385,'Leaf Arrangement Orientation Angular',766,767,NULL,NULL,NULL,1,0,0,'2018-03-06 15:55:46'),(386,'Leaf Arrangement Orientation Appressed',768,769,NULL,NULL,NULL,1,0,0,'2018-03-06 15:55:46'),(387,'Leaf Arrangement Orientation Appressed When Dry',770,771,NULL,NULL,NULL,1,0,0,'2018-03-06 15:55:46'),(388,'Leaf Arrangement Orientation Catenulate',772,773,NULL,NULL,NULL,1,0,0,'2018-03-06 15:55:46'),(389,'Leaf Arrangement Orientation Clustered Or Branched Around A Central Stem',774,775,NULL,NULL,NULL,1,0,0,'2018-03-06 15:55:46'),(390,'Leaf Arrangement Orientation Complanate',776,777,NULL,NULL,NULL,1,0,0,'2018-03-06 15:55:46'),(391,'Leaf Arrangement Orientation Crowded',778,779,NULL,NULL,NULL,1,0,0,'2018-03-06 15:55:46'),(392,'Leaf Arrangement Orientation Crowded At Stem Tips',780,781,NULL,NULL,NULL,1,0,0,'2018-03-06 15:55:46'),(393,'Leaf Arrangement Orientation Distant',782,783,NULL,NULL,NULL,1,0,0,'2018-03-06 15:55:46'),(394,'Leaf Arrangement Orientation Flattened',784,785,NULL,NULL,NULL,1,0,0,'2018-03-06 15:55:46'),(395,'Leaf Arrangement Orientation Progressively Larger',786,787,NULL,NULL,NULL,0,1,0,'2018-03-06 15:55:46'),(396,'Leaf Arrangement Orientation Radial',788,789,NULL,NULL,NULL,1,0,0,'2018-03-06 15:55:46'),(397,'Leaf Arrangement Orientation Squarrose',790,791,NULL,NULL,NULL,1,0,0,'2018-03-06 15:55:46'),(398,'Leaf Arrangement Orientation Squarrose-Recurved',792,793,NULL,NULL,NULL,1,0,0,'2018-03-06 15:55:46'),(399,'Leaf Arrangement Orientation Whorled At Branches',794,795,NULL,NULL,NULL,1,0,0,'2018-03-06 15:55:46'),(400,'Leaf Arrangement Ranks',797,806,NULL,NULL,NULL,NULL,NULL,NULL,'2018-03-06 15:55:46'),(401,'Leaf Arrangement Ranks 2-Ranked',798,799,NULL,NULL,NULL,1,1,0,'2018-03-06 15:55:46'),(402,'Leaf Arrangement Ranks 3-Ranked',800,801,NULL,NULL,NULL,1,1,0,'2018-03-06 15:55:46'),(403,'Leaf Arrangement Ranks 4-5 Ranked',802,803,NULL,NULL,NULL,1,1,0,'2018-03-06 15:55:46'),(404,'Leaf Arrangement Ranks 5-Ranked',804,805,NULL,NULL,NULL,1,1,0,'2018-03-06 15:55:46'),(405,'Leaf Base',808,909,NULL,NULL,NULL,NULL,NULL,NULL,'2018-03-06 15:55:46'),(406,'Leaf Base Alar Cells',809,868,NULL,NULL,NULL,NULL,NULL,NULL,'2018-03-06 15:55:46'),(407,'Leaf Base Alar Cells 1 Or 2 Rows At Leaf Insertion',810,811,NULL,NULL,NULL,0,0,1,'2018-03-06 15:55:46'),(408,'Leaf Base Alar Cells Asymmetrically Grouped (More On One Side)',812,813,NULL,NULL,NULL,0,0,1,'2018-03-06 15:55:46'),(409,'Leaf Base Alar Cells At Basal Angles',814,815,NULL,NULL,NULL,0,0,1,'2018-03-06 15:55:46'),(410,'Leaf Base Alar Cells Brownish',816,817,NULL,NULL,NULL,0,0,1,'2018-03-06 15:55:46'),(411,'Leaf Base Alar Cells Extending Up Leaf Margin',818,819,NULL,NULL,NULL,0,0,1,'2018-03-06 15:55:46'),(412,'Leaf Base Alar Cells Extending Up Leaf Margin Up To 0N3 Sixth Leaf Length',820,821,NULL,NULL,NULL,0,0,1,'2018-03-06 15:55:46'),(413,'Leaf Base Alar Cells Five To Twenty',822,823,NULL,NULL,NULL,0,0,1,'2018-03-06 15:55:46'),(414,'Leaf Base Alar Cells Green',824,825,NULL,NULL,NULL,0,0,0,'2018-03-06 15:55:46'),(415,'Leaf Base Alar Cells Hyaline',826,827,NULL,NULL,NULL,0,0,1,'2018-03-06 15:55:46'),(416,'Leaf Base Alar Cells In 1-2 Rows',828,829,NULL,NULL,NULL,0,0,1,'2018-03-06 15:55:46'),(417,'Leaf Base Alar Cells In Distinct Auricles',830,831,NULL,NULL,NULL,0,0,1,'2018-03-06 15:55:46'),(418,'Leaf Base Alar Cells In Large Groups',832,833,NULL,NULL,NULL,0,0,1,'2018-03-06 15:55:46'),(419,'Leaf Base Alar Cells In Mire Than 3 Rows',834,835,NULL,NULL,NULL,0,0,1,'2018-03-06 15:55:46'),(420,'Leaf Base Alar Cells In Small Groups',836,837,NULL,NULL,NULL,0,0,1,'2018-03-06 15:55:46'),(421,'Leaf Base Alar Cells In Triangular Areas',838,839,NULL,NULL,NULL,0,0,1,'2018-03-06 15:55:46'),(422,'Leaf Base Alar Cells Inflated',840,841,NULL,NULL,NULL,0,0,1,'2018-03-06 15:55:46'),(423,'Leaf Base Alar Cells Inflated Towards Margin',842,843,NULL,NULL,NULL,0,0,1,'2018-03-06 15:55:46'),(424,'Leaf Base Alar Cells Length Abruptly Inflated',844,845,NULL,NULL,NULL,0,0,1,'2018-03-06 15:55:46'),(425,'Leaf Base Alar Cells Length Inflated',846,847,NULL,NULL,NULL,0,0,1,'2018-03-06 15:55:46'),(426,'Leaf Base Alar Cells Length Oblate',848,849,NULL,NULL,NULL,0,0,1,'2018-03-06 15:55:46'),(427,'Leaf Base Alar Cells Length Various',850,851,NULL,NULL,NULL,0,0,1,'2018-03-06 15:55:46'),(428,'Leaf Base Alar Cells Linear',852,853,NULL,NULL,NULL,0,0,1,'2018-03-06 15:55:46'),(429,'Leaf Base Alar Cells Oblong',854,855,NULL,NULL,NULL,0,0,1,'2018-03-06 15:55:46'),(430,'Leaf Base Alar Cells Present',856,857,NULL,NULL,NULL,0,0,1,'2018-03-06 15:55:46'),(431,'Leaf Base Alar Cells Quadrate',858,859,NULL,NULL,NULL,0,0,1,'2018-03-06 15:55:46'),(432,'Leaf Base Alar Cells Subquadrate',860,861,NULL,NULL,NULL,0,0,1,'2018-03-06 15:55:46'),(433,'Leaf Base Alar Cells Transversely Elongate',862,863,NULL,NULL,NULL,0,0,1,'2018-03-06 15:55:46'),(434,'Leaf Base Alar Cells Wide',864,865,NULL,NULL,NULL,0,0,1,'2018-03-06 15:55:46'),(435,'Leaf Base Alar Cells Yellow-Brown',866,867,NULL,NULL,NULL,0,0,1,'2018-03-06 15:55:46'),(436,'Leaf Base Basal Cells',869,892,NULL,NULL,NULL,NULL,NULL,NULL,'2018-03-06 15:55:46'),(437,'Leaf Base Basal Cells Cells Oriented In Single Row',870,871,NULL,NULL,NULL,0,0,1,'2018-03-06 15:55:46'),(438,'Leaf Base Basal Cells Cells Oriented In To To Three Rows',872,873,NULL,NULL,NULL,0,0,1,'2018-03-06 15:55:46'),(439,'Leaf Base Basal Cells Enlarged At Leaf Insertion',874,875,NULL,NULL,NULL,0,0,1,'2018-03-06 15:55:46'),(440,'Leaf Base Basal Cells Hyaline',876,877,NULL,NULL,NULL,0,0,1,'2018-03-06 15:55:46'),(441,'Leaf Base Basal Cells Inner Basal Cell Group Extending Up Costa',878,879,NULL,NULL,NULL,0,0,1,'2018-03-06 15:55:46'),(442,'Leaf Base Basal Cells Inner Basal Cell Size Enlarged',880,881,NULL,NULL,NULL,0,0,1,'2018-03-06 15:55:46'),(443,'Leaf Base Basal Cells Large',882,883,NULL,NULL,NULL,0,0,1,'2018-03-06 15:55:46'),(444,'Leaf Base Basal Cells Marginal Cell Hyaline',884,885,NULL,NULL,NULL,0,0,1,'2018-03-06 15:55:46'),(445,'Leaf Base Basal Cells Radiating From Costa',886,887,NULL,NULL,NULL,0,0,1,'2018-03-06 15:55:46'),(446,'Leaf Base Basal Cells Shape Uniform',888,889,NULL,NULL,NULL,0,0,1,'2018-03-06 15:55:46'),(447,'Leaf Base Basal Cells With Basal Wedges',890,891,NULL,NULL,NULL,0,0,1,'2018-03-06 15:55:46'),(448,'Leaf Base Decurrency',893,908,NULL,NULL,NULL,NULL,NULL,NULL,'2018-03-06 15:55:46'),(449,'Leaf Base Decurrency Base Expanded',894,895,NULL,NULL,NULL,0,1,1,'2018-03-06 15:55:46'),(450,'Leaf Base Decurrency Base Sheathing',896,897,NULL,NULL,NULL,0,1,1,'2018-03-06 15:55:46'),(451,'Leaf Base Decurrency Clasping',898,899,NULL,NULL,NULL,0,1,1,'2018-03-06 15:55:46'),(452,'Leaf Base Decurrency Decurrencies Auriculate',900,901,NULL,NULL,NULL,0,1,1,'2018-03-06 15:55:46'),(453,'Leaf Base Decurrency Decurrencies Broad',902,903,NULL,NULL,NULL,0,1,1,'2018-03-06 15:55:46'),(454,'Leaf Base Decurrency Decurrent',904,905,NULL,NULL,NULL,0,1,1,'2018-03-06 15:55:46'),(455,'Leaf Base Decurrency Long Decurrencies',906,907,NULL,NULL,NULL,0,1,1,'2018-03-06 15:55:46'),(456,'Leaf Cell Orientation',910,921,NULL,NULL,NULL,NULL,NULL,NULL,'2018-03-06 15:55:46'),(457,'Leaf Cell Orientation Cell Row Orientation',911,916,NULL,NULL,NULL,NULL,NULL,NULL,'2018-03-06 15:55:46'),(458,'Leaf Cell Orientation Cell Row Orientation Oblique Rows',912,913,NULL,NULL,NULL,0,0,1,'2018-03-06 15:55:46'),(459,'Leaf Cell Orientation Cell Row Orientation Upper Cells In Oblique Rows',914,915,NULL,NULL,NULL,0,0,1,'2018-03-06 15:55:46'),(460,'Leaf Cell Orientation Direction',917,920,NULL,NULL,NULL,NULL,NULL,NULL,'2018-03-06 15:55:46'),(461,'Leaf Cell Orientation Direction Diagonal Rows',918,919,NULL,NULL,NULL,0,0,1,'2018-03-06 15:55:46'),(462,'Leaf Cell Shape',922,983,NULL,NULL,NULL,NULL,NULL,NULL,'2018-03-06 15:55:46'),(463,'Leaf Cell Shape Apical Cell',923,926,NULL,NULL,NULL,NULL,NULL,NULL,'2018-03-06 15:55:46'),(464,'Leaf Cell Shape Apical Cell Rhombic',924,925,NULL,NULL,NULL,0,0,1,'2018-03-06 15:55:46'),(465,'Leaf Cell Shape Basal Cell',927,940,NULL,NULL,NULL,NULL,NULL,NULL,'2018-03-06 15:55:46'),(466,'Leaf Cell Shape Basal Cell Broadest As Marginal Wedge',928,929,NULL,NULL,NULL,0,0,1,'2018-03-06 15:55:46'),(467,'Leaf Cell Shape Basal Cell Elongate',930,931,NULL,NULL,NULL,0,0,1,'2018-03-06 15:55:46'),(468,'Leaf Cell Shape Basal Cell Hyaline Across Lower One Third Of Leaf',932,933,NULL,NULL,NULL,0,0,1,'2018-03-06 15:55:46'),(469,'Leaf Cell Shape Basal Cell Hyaline Cell Inflated',934,935,NULL,NULL,NULL,0,0,1,'2018-03-06 15:55:46'),(470,'Leaf Cell Shape Basal Cell Hyaline In Cancellinae Distinct Groups In Lowerone Third Of Leaf',936,937,NULL,NULL,NULL,0,0,1,'2018-03-06 15:55:46'),(471,'Leaf Cell Shape Basal Cell Not Differentiated',938,939,NULL,NULL,NULL,0,0,1,'2018-03-06 15:55:46'),(472,'Leaf Cell Shape Median Cell',941,964,NULL,NULL,NULL,NULL,NULL,NULL,'2018-03-06 15:55:46'),(473,'Leaf Cell Shape Median Cell Elliptic',942,943,NULL,NULL,NULL,0,0,1,'2018-03-06 15:55:46'),(474,'Leaf Cell Shape Median Cell Hexagonal',944,945,NULL,NULL,NULL,0,0,1,'2018-03-06 15:55:46'),(475,'Leaf Cell Shape Median Cell Isodiametric',946,947,NULL,NULL,NULL,0,0,1,'2018-03-06 15:55:46'),(476,'Leaf Cell Shape Median Cell Isodiametric Throughout',948,949,NULL,NULL,NULL,0,0,1,'2018-03-06 15:55:46'),(477,'Leaf Cell Shape Median Cell Linear',950,951,NULL,NULL,NULL,0,0,1,'2018-03-06 15:55:46'),(478,'Leaf Cell Shape Median Cell More Than Five Times As Wide',952,953,NULL,NULL,NULL,0,0,1,'2018-03-06 15:55:46'),(479,'Leaf Cell Shape Median Cell Oblong',954,955,NULL,NULL,NULL,0,0,1,'2018-03-06 15:55:46'),(480,'Leaf Cell Shape Median Cell Rhomboidal',956,957,NULL,NULL,NULL,0,0,1,'2018-03-06 15:55:46'),(481,'Leaf Cell Shape Median Cell Rounded',958,959,NULL,NULL,NULL,0,0,1,'2018-03-06 15:55:46'),(482,'Leaf Cell Shape Median Cell Rounded-Oblate',960,961,NULL,NULL,NULL,0,0,1,'2018-03-06 15:55:46'),(483,'Leaf Cell Shape Median Cell Short-Rectangular',962,963,NULL,NULL,NULL,0,0,1,'2018-03-06 15:55:46'),(484,'Leaf Cell Shape Upper Cell',965,976,NULL,NULL,NULL,NULL,NULL,NULL,'2018-03-06 15:55:46'),(485,'Leaf Cell Shape Upper Cell Broad',966,967,NULL,NULL,NULL,0,0,1,'2018-03-06 15:55:46'),(486,'Leaf Cell Shape Upper Cell Linear',968,969,NULL,NULL,NULL,0,0,1,'2018-03-06 15:55:46'),(487,'Leaf Cell Shape Upper Cell Rectangular',970,971,NULL,NULL,NULL,0,0,1,'2018-03-06 15:55:46'),(488,'Leaf Cell Shape Upper Cell Sinuose',972,973,NULL,NULL,NULL,0,0,0,'2018-03-06 15:55:46'),(489,'Leaf Cell Shape Upper Cell Square',974,975,NULL,NULL,NULL,0,0,1,'2018-03-06 15:55:46'),(490,'Leaf Cell Shape Upper Cell Shape',977,982,NULL,NULL,NULL,NULL,NULL,NULL,'2018-03-06 15:55:46'),(491,'Leaf Cell Shape Upper Cell Shape Narrowly Rhomboidal',978,979,NULL,NULL,NULL,0,0,1,'2018-03-06 15:55:46'),(492,'Leaf Cell Shape Upper Cell Shape Oblong-Rhomboidal',980,981,NULL,NULL,NULL,0,0,1,'2018-03-06 15:55:46'),(493,'Leaf Cell Size',984,1039,NULL,NULL,NULL,NULL,NULL,NULL,'2018-03-06 15:55:46'),(494,'Leaf Cell Size Apical Cell Length',985,992,NULL,NULL,NULL,NULL,NULL,NULL,'2018-03-06 15:55:46'),(495,'Leaf Cell Size Apical Cell Length Apical Cell Length About Median Cell Length',986,987,NULL,NULL,NULL,0,0,1,'2018-03-06 15:55:46'),(496,'Leaf Cell Size Apical Cell Length Greater Than Medial Median Cell Length',988,989,NULL,NULL,NULL,0,0,1,'2018-03-06 15:55:46'),(497,'Leaf Cell Size Apical Cell Length Long',990,991,NULL,NULL,NULL,0,0,1,'2018-03-06 15:55:46'),(498,'Leaf Cell Size Median Cell Length',993,1032,NULL,NULL,NULL,NULL,NULL,NULL,'2018-03-06 15:55:46'),(499,'Leaf Cell Size Median Cell Length 10 To 13 Microns',994,995,NULL,NULL,NULL,0,0,1,'2018-03-06 15:55:46'),(500,'Leaf Cell Size Median Cell Length 15 To 20 Microns',996,997,NULL,NULL,NULL,0,0,1,'2018-03-06 15:55:46'),(501,'Leaf Cell Size Median Cell Length About Eight To One',998,999,NULL,NULL,NULL,0,0,1,'2018-03-06 15:55:46'),(502,'Leaf Cell Size Median Cell Length About Four To One',1000,1001,NULL,NULL,NULL,0,0,1,'2018-03-06 15:55:46'),(503,'Leaf Cell Size Median Cell Length About Three To One',1002,1003,NULL,NULL,NULL,0,0,1,'2018-03-06 15:55:46'),(504,'Leaf Cell Size Median Cell Length Cell Length Intermediate',1004,1005,NULL,NULL,NULL,0,0,1,'2018-03-06 15:55:46'),(505,'Leaf Cell Size Median Cell Length Greater Than 15 Microns',1006,1007,NULL,NULL,NULL,0,1,1,'2018-03-06 15:55:46'),(506,'Leaf Cell Size Median Cell Length Greater Than Eight To One',1008,1009,NULL,NULL,NULL,0,0,1,'2018-03-06 15:55:46'),(507,'Leaf Cell Size Median Cell Length Greater Than Five To One',1010,1011,NULL,NULL,NULL,0,0,1,'2018-03-06 15:55:46'),(508,'Leaf Cell Size Median Cell Length Greater Than Four But Less Than Seven To One',1012,1013,NULL,NULL,NULL,0,0,1,'2018-03-06 15:55:46'),(509,'Leaf Cell Size Median Cell Length Greater Than Four To One',1014,1015,NULL,NULL,NULL,0,0,1,'2018-03-06 15:55:46'),(510,'Leaf Cell Size Median Cell Length Greater Than Three But Less Than Eight To One',1016,1017,NULL,NULL,NULL,0,0,1,'2018-03-06 15:55:46'),(511,'Leaf Cell Size Median Cell Length Greater Than Three But Less Than Four To One',1018,1019,NULL,NULL,NULL,0,0,1,'2018-03-06 15:55:46'),(512,'Leaf Cell Size Median Cell Length Greater Than Two But Less Than Five To One',1020,1021,NULL,NULL,NULL,0,0,1,'2018-03-06 15:55:46'),(513,'Leaf Cell Size Median Cell Length Greater Than Two To One',1022,1023,NULL,NULL,NULL,0,0,1,'2018-03-06 15:55:46'),(514,'Leaf Cell Size Median Cell Length Greter Than Three To One',1024,1025,NULL,NULL,NULL,0,0,1,'2018-03-06 15:55:46'),(515,'Leaf Cell Size Median Cell Length Less Than Two To One',1026,1027,NULL,NULL,NULL,0,0,1,'2018-03-06 15:55:46'),(516,'Leaf Cell Size Median Cell Length Long',1028,1029,NULL,NULL,NULL,0,0,1,'2018-03-06 15:55:46'),(517,'Leaf Cell Size Median Cell Length Short',1030,1031,NULL,NULL,NULL,0,0,1,'2018-03-06 15:55:46'),(518,'Leaf Cell Size Upper Cell Length',1033,1038,NULL,NULL,NULL,NULL,NULL,NULL,'2018-03-06 15:55:46'),(519,'Leaf Cell Size Upper Cell Length Cell Length Short',1034,1035,NULL,NULL,NULL,0,0,1,'2018-03-06 15:55:46'),(520,'Leaf Cell Size Upper Cell Length Greater Than Five To One',1036,1037,NULL,NULL,NULL,0,0,1,'2018-03-06 15:55:46'),(521,'Leaf Cell Size/Shape',1040,1047,NULL,NULL,NULL,NULL,NULL,NULL,'2018-03-06 15:55:46'),(522,'Leaf Cell Size/Shape Intramarginal Cell Shape',1041,1046,NULL,NULL,NULL,NULL,NULL,NULL,'2018-03-06 15:55:46'),(523,'Leaf Cell Size/Shape Intramarginal Cell Shape Cell Long',1042,1043,NULL,NULL,NULL,0,0,1,'2018-03-06 15:55:46'),(524,'Leaf Cell Size/Shape Intramarginal Cell Shape Cell Narrow',1044,1045,NULL,NULL,NULL,0,0,1,'2018-03-06 15:55:46'),(525,'Leaf Cell Surface',1048,1241,NULL,NULL,NULL,NULL,NULL,NULL,'2018-03-06 15:55:46'),(526,'Leaf Cell Surface Cilia',1049,1056,NULL,NULL,NULL,NULL,NULL,NULL,'2018-03-06 15:55:46'),(527,'Leaf Cell Surface Cilia At Leaf Apex',1050,1051,NULL,NULL,NULL,0,1,1,'2018-03-06 15:55:46'),(528,'Leaf Cell Surface Cilia At Leaf Base',1052,1053,NULL,NULL,NULL,0,1,1,'2018-03-06 15:55:46'),(529,'Leaf Cell Surface Cilia At Leaf Shoulder',1054,1055,NULL,NULL,NULL,0,1,1,'2018-03-06 15:55:46'),(530,'Leaf Cell Surface Configuration',1057,1074,NULL,NULL,NULL,NULL,NULL,NULL,'2018-03-06 15:55:46'),(531,'Leaf Cell Surface Configuration Bulging',1058,1059,NULL,NULL,NULL,0,1,1,'2018-03-06 15:55:46'),(532,'Leaf Cell Surface Configuration Channelled',1060,1061,NULL,NULL,NULL,0,1,1,'2018-03-06 15:55:46'),(533,'Leaf Cell Surface Configuration Channelled At Costa',1062,1063,NULL,NULL,NULL,0,1,1,'2018-03-06 15:55:46'),(534,'Leaf Cell Surface Configuration Ornamented',1064,1065,NULL,NULL,NULL,0,1,1,'2018-03-06 15:55:46'),(535,'Leaf Cell Surface Configuration Projections Indistinct',1066,1067,NULL,NULL,NULL,0,0,0,'2018-03-06 15:55:46'),(536,'Leaf Cell Surface Configuration Smooth',1068,1069,NULL,NULL,NULL,1,1,1,'2018-03-06 15:55:46'),(537,'Leaf Cell Surface Configuration Upper Side Flat',1070,1071,NULL,NULL,NULL,1,1,0,'2018-03-06 15:55:46'),(538,'Leaf Cell Surface Configuration With Projections',1072,1073,NULL,NULL,NULL,0,1,1,'2018-03-06 15:55:46'),(539,'Leaf Cell Surface Filaments',1075,1094,NULL,NULL,NULL,NULL,NULL,NULL,'2018-03-06 15:55:46'),(540,'Leaf Cell Surface Filaments Filaments Covered By Inrolled Leaf Margin',1076,1077,NULL,NULL,NULL,0,0,1,'2018-03-06 15:55:46'),(541,'Leaf Cell Surface Filaments Filaments On  Costa',1078,1079,NULL,NULL,NULL,0,1,1,'2018-03-06 15:55:46'),(542,'Leaf Cell Surface Filaments Filaments On Lamina',1080,1081,NULL,NULL,NULL,0,1,1,'2018-03-06 15:55:46'),(543,'Leaf Cell Surface Filaments Filaments On Narrow Costa',1082,1083,NULL,NULL,NULL,0,1,1,'2018-03-06 15:55:46'),(544,'Leaf Cell Surface Filaments Leaf Filaments Branched',1084,1085,NULL,NULL,NULL,0,0,1,'2018-03-06 15:55:46'),(545,'Leaf Cell Surface Filaments Leaf Filaments Green',1086,1087,NULL,NULL,NULL,0,0,1,'2018-03-06 15:55:46'),(546,'Leaf Cell Surface Filaments Leaf With Filaments',1088,1089,NULL,NULL,NULL,0,0,1,'2018-03-06 15:55:46'),(547,'Leaf Cell Surface Filaments Leaf With Filaments On The Upper End Of Costa',1090,1091,NULL,NULL,NULL,0,1,1,'2018-03-06 15:55:46'),(548,'Leaf Cell Surface Filaments Leaf With Fine, White Threadlike Filaments In A Cobwebby Weft',1092,1093,NULL,NULL,NULL,0,1,1,'2018-03-06 15:55:46'),(549,'Leaf Cell Surface Lamellae/Ridges',1095,1142,NULL,NULL,NULL,NULL,NULL,NULL,'2018-03-06 15:55:46'),(550,'Leaf Cell Surface Lamellae/Ridges Cuticular Ridges Strong (More Than Times  Cell Length)',1096,1097,NULL,NULL,NULL,0,0,1,'2018-03-06 15:55:46'),(551,'Leaf Cell Surface Lamellae/Ridges Cuticular Ridges Weak (One To Two Times Cell Length)',1098,1099,NULL,NULL,NULL,0,0,1,'2018-03-06 15:55:46'),(552,'Leaf Cell Surface Lamellae/Ridges Green Sheet-Like Lamellae',1100,1101,NULL,NULL,NULL,0,0,1,'2018-03-06 15:55:46'),(553,'Leaf Cell Surface Lamellae/Ridges Lamellae Crowded',1102,1103,NULL,NULL,NULL,0,0,1,'2018-03-06 15:55:46'),(554,'Leaf Cell Surface Lamellae/Ridges Lamellae Five To Fifteen On Costa',1104,1105,NULL,NULL,NULL,0,0,1,'2018-03-06 15:55:46'),(555,'Leaf Cell Surface Lamellae/Ridges Lamellae Four To Nine On Costa',1106,1107,NULL,NULL,NULL,0,0,1,'2018-03-06 15:55:46'),(556,'Leaf Cell Surface Lamellae/Ridges Lamellae More Than 20 On Costa',1108,1109,NULL,NULL,NULL,0,0,1,'2018-03-06 15:55:46'),(557,'Leaf Cell Surface Lamellae/Ridges Lamellae On Both Leaf Surfaces',1110,1111,NULL,NULL,NULL,0,1,1,'2018-03-06 15:55:46'),(558,'Leaf Cell Surface Lamellae/Ridges Lamellae On Upper Ends Of Costa',1112,1113,NULL,NULL,NULL,0,0,1,'2018-03-06 15:55:46'),(559,'Leaf Cell Surface Lamellae/Ridges Lamellae On Upper Leaf Surface',1114,1115,NULL,NULL,NULL,0,1,1,'2018-03-06 15:55:46'),(560,'Leaf Cell Surface Lamellae/Ridges Lamellae Two To Eight On Costa',1116,1117,NULL,NULL,NULL,0,0,1,'2018-03-06 15:55:46'),(561,'Leaf Cell Surface Lamellae/Ridges Lamellae Two To Four On Costa',1118,1119,NULL,NULL,NULL,0,0,1,'2018-03-06 15:55:46'),(562,'Leaf Cell Surface Lamellae/Ridges Lamellar Apical Cell Elliptic-Pyriform',1120,1121,NULL,NULL,NULL,0,0,1,'2018-03-06 15:55:46'),(563,'Leaf Cell Surface Lamellae/Ridges Lamellar Apical Cell Papillose',1122,1123,NULL,NULL,NULL,0,0,1,'2018-03-06 15:55:46'),(564,'Leaf Cell Surface Lamellae/Ridges Lamellar Apical Cell Ridged',1124,1125,NULL,NULL,NULL,0,0,1,'2018-03-06 15:55:46'),(565,'Leaf Cell Surface Lamellae/Ridges Lamellar Apical Cell Rounded',1126,1127,NULL,NULL,NULL,0,0,1,'2018-03-06 15:55:46'),(566,'Leaf Cell Surface Lamellae/Ridges Lamellar Apical Cell Smooth',1128,1129,NULL,NULL,NULL,0,0,1,'2018-03-06 15:55:46'),(567,'Leaf Cell Surface Lamellae/Ridges Leaf Cell With Cuticular Ridges',1130,1131,NULL,NULL,NULL,0,0,1,'2018-03-06 15:55:46'),(568,'Leaf Cell Surface Lamellae/Ridges Leaf With Lamella',1132,1133,NULL,NULL,NULL,0,1,1,'2018-03-06 15:55:46'),(569,'Leaf Cell Surface Lamellae/Ridges Ridge-Like Lamellae On Dorsal Side Of Costa',1134,1135,NULL,NULL,NULL,0,0,1,'2018-03-06 15:55:46'),(570,'Leaf Cell Surface Lamellae/Ridges Ridge-Like Lamellae On Upper Surface Of Costa',1136,1137,NULL,NULL,NULL,0,0,1,'2018-03-06 15:55:46'),(571,'Leaf Cell Surface Lamellae/Ridges With Cuticular Ridges',1138,1139,NULL,NULL,NULL,0,1,1,'2018-03-06 15:55:46'),(572,'Leaf Cell Surface Lamellae/Ridges With Longitudinal Lamellae',1140,1141,NULL,NULL,NULL,0,0,1,'2018-03-06 15:55:46'),(573,'Leaf Cell Surface Papillae',1143,1170,NULL,NULL,NULL,NULL,NULL,NULL,'2018-03-06 15:55:46'),(574,'Leaf Cell Surface Papillae Apical Cell With Large Papillae',1144,1145,NULL,NULL,NULL,0,0,1,'2018-03-06 15:55:46'),(575,'Leaf Cell Surface Papillae Apical Cell With Projecting Papillae',1146,1147,NULL,NULL,NULL,0,0,1,'2018-03-06 15:55:46'),(576,'Leaf Cell Surface Papillae Coarsely Papillose',1148,1149,NULL,NULL,NULL,0,0,1,'2018-03-06 15:55:46'),(577,'Leaf Cell Surface Papillae Indistinctly Papillose',1150,1151,NULL,NULL,NULL,0,0,0,'2018-03-06 15:55:46'),(578,'Leaf Cell Surface Papillae Lamina Cell Papillose',1152,1153,NULL,NULL,NULL,0,0,1,'2018-03-06 15:55:46'),(579,'Leaf Cell Surface Papillae Marginal Cell Less Papillose Than Laminal Cell',1154,1155,NULL,NULL,NULL,0,0,1,'2018-03-06 15:55:46'),(580,'Leaf Cell Surface Papillae Papilla Over Cell Lumen',1156,1157,NULL,NULL,NULL,0,0,1,'2018-03-06 15:55:46'),(581,'Leaf Cell Surface Papillae Papillae Crowded',1158,1159,NULL,NULL,NULL,0,0,1,'2018-03-06 15:55:46'),(582,'Leaf Cell Surface Papillae Papillae In Single Row',1160,1161,NULL,NULL,NULL,0,0,1,'2018-03-06 15:55:46'),(583,'Leaf Cell Surface Papillae Papillae Scattered',1162,1163,NULL,NULL,NULL,0,0,1,'2018-03-06 15:55:46'),(584,'Leaf Cell Surface Papillae Pleuripapillose',1164,1165,NULL,NULL,NULL,0,0,1,'2018-03-06 15:55:46'),(585,'Leaf Cell Surface Papillae Present',1166,1167,NULL,NULL,NULL,0,0,1,'2018-03-06 15:55:46'),(586,'Leaf Cell Surface Papillae Unipapillose On Both Surfaces',1168,1169,NULL,NULL,NULL,0,0,1,'2018-03-06 15:55:46'),(587,'Leaf Cell Surface Papillae Number',1171,1182,NULL,NULL,NULL,NULL,NULL,NULL,'2018-03-06 15:55:46'),(588,'Leaf Cell Surface Papillae Number Both Leaf Surface Papillae Single',1172,1173,NULL,NULL,NULL,0,0,1,'2018-03-06 15:55:46'),(589,'Leaf Cell Surface Papillae Number Branch Leaf Cell Papillae Single',1174,1175,NULL,NULL,NULL,0,0,1,'2018-03-06 15:55:46'),(590,'Leaf Cell Surface Papillae Number Papillae Four To Seven',1176,1177,NULL,NULL,NULL,0,0,1,'2018-03-06 15:55:46'),(591,'Leaf Cell Surface Papillae Number Papillae One To Four',1178,1179,NULL,NULL,NULL,0,0,1,'2018-03-06 15:55:46'),(592,'Leaf Cell Surface Papillae Number Papillae Single',1180,1181,NULL,NULL,NULL,0,0,1,'2018-03-06 15:55:46'),(593,'Leaf Cell Surface Papillae Shape',1183,1222,NULL,NULL,NULL,NULL,NULL,NULL,'2018-03-06 15:55:46'),(594,'Leaf Cell Surface Papillae Shape Bifid',1184,1185,NULL,NULL,NULL,0,0,1,'2018-03-06 15:55:46'),(595,'Leaf Cell Surface Papillae Shape Conical',1186,1187,NULL,NULL,NULL,0,0,1,'2018-03-06 15:55:46'),(596,'Leaf Cell Surface Papillae Shape Curved',1188,1189,NULL,NULL,NULL,0,0,1,'2018-03-06 15:55:46'),(597,'Leaf Cell Surface Papillae Shape Cuticular',1190,1191,NULL,NULL,NULL,0,0,0,'2018-03-06 15:55:46'),(598,'Leaf Cell Surface Papillae Shape Dimple',1192,1193,NULL,NULL,NULL,0,0,1,'2018-03-06 15:55:46'),(599,'Leaf Cell Surface Papillae Shape Elongate',1194,1195,NULL,NULL,NULL,0,0,1,'2018-03-06 15:55:46'),(600,'Leaf Cell Surface Papillae Shape Forked',1196,1197,NULL,NULL,NULL,0,0,1,'2018-03-06 15:55:46'),(601,'Leaf Cell Surface Papillae Shape Leaf Laminal Cell Pleuripapillose',1198,1199,NULL,NULL,NULL,0,0,1,'2018-03-06 15:55:46'),(602,'Leaf Cell Surface Papillae Shape Leaf Upper Cell Pleuripapillose',1200,1201,NULL,NULL,NULL,0,0,1,'2018-03-06 15:55:46'),(603,'Leaf Cell Surface Papillae Shape Low',1202,1203,NULL,NULL,NULL,0,0,1,'2018-03-06 15:55:46'),(604,'Leaf Cell Surface Papillae Shape Mammillose [Bulging And Papillose]',1204,1205,NULL,NULL,NULL,0,0,1,'2018-03-06 15:55:46'),(605,'Leaf Cell Surface Papillae Shape Minutely Pleuripapillose',1206,1207,NULL,NULL,NULL,0,0,1,'2018-03-06 15:55:46'),(606,'Leaf Cell Surface Papillae Shape Pleuripapillose (C Shaped)',1208,1209,NULL,NULL,NULL,0,0,1,'2018-03-06 15:55:46'),(607,'Leaf Cell Surface Papillae Shape Pleuripapillose On Back (Abaxial) Side Only',1210,1211,NULL,NULL,NULL,0,0,1,'2018-03-06 15:55:46'),(608,'Leaf Cell Surface Papillae Shape Pleuripapillose On Both Sides',1212,1213,NULL,NULL,NULL,0,0,1,'2018-03-06 15:55:46'),(609,'Leaf Cell Surface Papillae Shape Short',1214,1215,NULL,NULL,NULL,0,0,1,'2018-03-06 15:55:46'),(610,'Leaf Cell Surface Papillae Shape Simple',1216,1217,NULL,NULL,NULL,0,0,1,'2018-03-06 15:55:46'),(611,'Leaf Cell Surface Papillae Shape Stellate',1218,1219,NULL,NULL,NULL,0,0,1,'2018-03-06 15:55:46'),(612,'Leaf Cell Surface Papillae Shape With Very Thick Walls',1220,1221,NULL,NULL,NULL,0,0,1,'2018-03-06 15:55:46'),(613,'Leaf Cell Surface Prorate/Prorulose',1223,1234,NULL,NULL,NULL,NULL,NULL,NULL,'2018-03-06 15:55:46'),(614,'Leaf Cell Surface Prorate/Prorulose Minutely Prorulose',1224,1225,NULL,NULL,NULL,0,0,1,'2018-03-06 15:55:46'),(615,'Leaf Cell Surface Prorate/Prorulose Prorate',1226,1227,NULL,NULL,NULL,0,0,0,'2018-03-06 15:55:46'),(616,'Leaf Cell Surface Prorate/Prorulose Prorulose',1228,1229,NULL,NULL,NULL,0,0,1,'2018-03-06 15:55:46'),(617,'Leaf Cell Surface Prorate/Prorulose Prorulose On Back (Abaxial) Side Only',1230,1231,NULL,NULL,NULL,0,0,0,'2018-03-06 15:55:46'),(618,'Leaf Cell Surface Prorate/Prorulose Upper Leaf Cell Prorulose',1232,1233,NULL,NULL,NULL,0,0,1,'2018-03-06 15:55:46'),(619,'Leaf Cell Surface Rugose',1235,1240,NULL,NULL,NULL,NULL,NULL,NULL,'2018-03-06 15:55:46'),(620,'Leaf Cell Surface Rugose Rugose Or Undulate',1236,1237,NULL,NULL,NULL,0,0,1,'2018-03-06 15:55:46'),(621,'Leaf Cell Surface Rugose Stem Leaf Cells Rugose At Acumen Base',1238,1239,NULL,NULL,NULL,0,0,1,'2018-03-06 15:55:46'),(622,'Leaf Cell Walls',1242,1289,NULL,NULL,NULL,NULL,NULL,NULL,'2018-03-06 15:55:46'),(623,'Leaf Cell Walls Alar Cells',1243,1250,NULL,NULL,NULL,NULL,NULL,NULL,'2018-03-06 15:55:46'),(624,'Leaf Cell Walls Alar Cells Nodulose',1244,1245,NULL,NULL,NULL,0,0,1,'2018-03-06 15:55:46'),(625,'Leaf Cell Walls Alar Cells Porose',1246,1247,NULL,NULL,NULL,0,0,1,'2018-03-06 15:55:46'),(626,'Leaf Cell Walls Alar Cells Thick',1248,1249,NULL,NULL,NULL,0,0,1,'2018-03-06 15:55:46'),(627,'Leaf Cell Walls Basal Cells',1251,1260,NULL,NULL,NULL,NULL,NULL,NULL,'2018-03-06 15:55:46'),(628,'Leaf Cell Walls Basal Cells Marginal Cells With Thickened Cross-Walls',1252,1253,NULL,NULL,NULL,0,0,1,'2018-03-06 15:55:46'),(629,'Leaf Cell Walls Basal Cells Thin',1254,1255,NULL,NULL,NULL,0,0,1,'2018-03-06 15:55:46'),(630,'Leaf Cell Walls Basal Cells With Brown Cross Walls',1256,1257,NULL,NULL,NULL,0,0,1,'2018-03-06 15:55:46'),(631,'Leaf Cell Walls Basal Cells With Thickened Cross Walls',1258,1259,NULL,NULL,NULL,0,0,1,'2018-03-06 15:55:46'),(632,'Leaf Cell Walls Median Cell Mid Surface',1261,1266,NULL,NULL,NULL,NULL,NULL,NULL,'2018-03-06 15:55:46'),(633,'Leaf Cell Walls Median Cell Mid Surface Rounded',1262,1263,NULL,NULL,NULL,0,0,1,'2018-03-06 15:55:46'),(634,'Leaf Cell Walls Median Cell Mid Surface Stellate',1264,1265,NULL,NULL,NULL,0,0,1,'2018-03-06 15:55:46'),(635,'Leaf Cell Walls Median Cells',1267,1284,NULL,NULL,NULL,NULL,NULL,NULL,'2018-03-06 15:55:46'),(636,'Leaf Cell Walls Median Cells Collenchymatous',1268,1269,NULL,NULL,NULL,0,0,1,'2018-03-06 15:55:46'),(637,'Leaf Cell Walls Median Cells Irregularly Thickened',1270,1271,NULL,NULL,NULL,0,0,1,'2018-03-06 15:55:46'),(638,'Leaf Cell Walls Median Cells Leaf Hyaline Cell Walls Thin',1272,1273,NULL,NULL,NULL,0,0,1,'2018-03-06 15:55:46'),(639,'Leaf Cell Walls Median Cells Nodulose',1274,1275,NULL,NULL,NULL,0,0,1,'2018-03-06 15:55:46'),(640,'Leaf Cell Walls Median Cells Sinuose',1276,1277,NULL,NULL,NULL,0,0,1,'2018-03-06 15:55:46'),(641,'Leaf Cell Walls Median Cells Strongly Pitted',1278,1279,NULL,NULL,NULL,0,0,1,'2018-03-06 15:55:46'),(642,'Leaf Cell Walls Median Cells Thick',1280,1281,NULL,NULL,NULL,0,0,1,'2018-03-06 15:55:46'),(643,'Leaf Cell Walls Median Cells Uniform',1282,1283,NULL,NULL,NULL,0,0,1,'2018-03-06 15:55:46'),(644,'Leaf Cell Walls Upper Leaf Cells',1285,1288,NULL,NULL,NULL,NULL,NULL,NULL,'2018-03-06 15:55:46'),(645,'Leaf Cell Walls Upper Leaf Cells Thick',1286,1287,NULL,NULL,NULL,0,0,0,'2018-03-06 15:55:46'),(646,'Leaf Curves/Twists',1290,1335,NULL,NULL,NULL,NULL,NULL,NULL,'2018-03-06 15:55:46'),(647,'Leaf Curves/Twists Leaf Base',1291,1294,NULL,NULL,NULL,NULL,NULL,NULL,'2018-03-06 15:55:46'),(648,'Leaf Curves/Twists Leaf Base Distinctly Incurved',1292,1293,NULL,NULL,NULL,0,1,1,'2018-03-06 15:55:46'),(649,'Leaf Curves/Twists Whole Leaf',1295,1334,NULL,NULL,NULL,NULL,NULL,NULL,'2018-03-06 15:55:46'),(650,'Leaf Curves/Twists Whole Leaf Recurved',1296,1297,NULL,NULL,NULL,1,1,0,'2018-03-06 15:55:46'),(651,'Leaf Curves/Twists Whole Leaf Rounded',1298,1299,NULL,NULL,NULL,1,1,0,'2018-03-06 15:55:46'),(652,'Leaf Curves/Twists Whole Leaf Rounded-Obtuse',1300,1301,NULL,NULL,NULL,1,1,0,'2018-03-06 15:55:46'),(653,'Leaf Curves/Twists Whole Leaf Secund',1302,1303,NULL,NULL,NULL,1,1,0,'2018-03-06 15:55:46'),(654,'Leaf Curves/Twists Whole Leaf Setaceous',1304,1305,NULL,NULL,NULL,1,1,0,'2018-03-06 15:55:46'),(655,'Leaf Curves/Twists Whole Leaf Slightly Secund At Tips',1306,1307,NULL,NULL,NULL,1,1,0,'2018-03-06 15:55:46'),(656,'Leaf Curves/Twists Whole Leaf Spathulate',1308,1309,NULL,NULL,NULL,1,1,0,'2018-03-06 15:55:46'),(657,'Leaf Curves/Twists Whole Leaf Spirally Revolute',1310,1311,NULL,NULL,NULL,1,1,0,'2018-03-06 15:55:46'),(658,'Leaf Curves/Twists Whole Leaf Spreading When Wet',1312,1313,NULL,NULL,NULL,1,1,0,'2018-03-06 15:55:46'),(659,'Leaf Curves/Twists Whole Leaf Squarrose',1314,1315,NULL,NULL,NULL,1,1,0,'2018-03-06 15:55:46'),(660,'Leaf Curves/Twists Whole Leaf Squarrose When Wet',1316,1317,NULL,NULL,NULL,1,1,0,'2018-03-06 15:55:46'),(661,'Leaf Curves/Twists Whole Leaf Squarrose-Recurved',1318,1319,NULL,NULL,NULL,1,1,0,'2018-03-06 15:55:46'),(662,'Leaf Curves/Twists Whole Leaf Squarrose-Recurved When Wet',1320,1321,NULL,NULL,NULL,1,1,0,'2018-03-06 15:55:46'),(663,'Leaf Curves/Twists Whole Leaf Squarrose-Recurved When Dry',1322,1323,NULL,NULL,NULL,1,1,0,'2018-03-06 15:55:46'),(664,'Leaf Curves/Twists Whole Leaf Straight',1324,1325,NULL,NULL,NULL,1,1,0,'2018-03-06 15:55:46'),(665,'Leaf Curves/Twists Whole Leaf Striate',1326,1327,NULL,NULL,NULL,1,1,0,'2018-03-06 15:55:46'),(666,'Leaf Curves/Twists Whole Leaf Subtubulose',1328,1329,NULL,NULL,NULL,1,1,0,'2018-03-06 15:55:46'),(667,'Leaf Curves/Twists Whole Leaf Subtubulose When Dry',1330,1331,NULL,NULL,NULL,1,1,0,'2018-03-06 15:55:46'),(668,'Leaf Curves/Twists Whole Leaf Subulate',1332,1333,NULL,NULL,NULL,1,1,0,'2018-03-06 15:55:46'),(669,'Leaf Margin',1336,1539,NULL,NULL,NULL,NULL,NULL,NULL,'2018-03-06 15:55:46'),(670,'Leaf Margin Apex',1337,1346,NULL,NULL,NULL,NULL,NULL,NULL,'2018-03-06 15:55:46'),(671,'Leaf Margin Apex Erect',1338,1339,NULL,NULL,NULL,0,1,1,'2018-03-06 15:55:46'),(672,'Leaf Margin Apex Incurved',1340,1341,NULL,NULL,NULL,0,1,1,'2018-03-06 15:55:46'),(673,'Leaf Margin Apex Recurved',1342,1343,NULL,NULL,NULL,1,1,0,'2018-03-06 15:55:46'),(674,'Leaf Margin Apex Spirally Inrolled',1344,1345,NULL,NULL,NULL,0,1,1,'2018-03-06 15:55:46'),(675,'Leaf Margin Border',1347,1390,NULL,NULL,NULL,NULL,NULL,NULL,'2018-03-06 15:55:46'),(676,'Leaf Margin Border Absent',1348,1349,NULL,NULL,NULL,0,0,1,'2018-03-06 15:55:46'),(677,'Leaf Margin Border Absent Above',1350,1351,NULL,NULL,NULL,0,0,1,'2018-03-06 15:55:46'),(678,'Leaf Margin Border Absent Except At Apex',1352,1353,NULL,NULL,NULL,0,0,1,'2018-03-06 15:55:46'),(679,'Leaf Margin Border Basal Border Cells Pellucid',1354,1355,NULL,NULL,NULL,0,1,1,'2018-03-06 15:55:46'),(680,'Leaf Margin Border Border Cell Enlarged',1356,1357,NULL,NULL,NULL,0,0,1,'2018-03-06 15:55:46'),(681,'Leaf Margin Border Border Cell Long',1358,1359,NULL,NULL,NULL,0,0,1,'2018-03-06 15:55:46'),(682,'Leaf Margin Border Border Cell Orange',1360,1361,NULL,NULL,NULL,0,1,1,'2018-03-06 15:55:46'),(683,'Leaf Margin Border Border Cell Short',1362,1363,NULL,NULL,NULL,0,0,1,'2018-03-06 15:55:46'),(684,'Leaf Margin Border Border Cell Thick Walled',1364,1365,NULL,NULL,NULL,0,0,1,'2018-03-06 15:55:46'),(685,'Leaf Margin Border Border Extends To Near Apex',1366,1367,NULL,NULL,NULL,0,0,1,'2018-03-06 15:55:46'),(686,'Leaf Margin Border Border Extends To Near Mid-Leaf',1368,1369,NULL,NULL,NULL,0,0,1,'2018-03-06 15:55:46'),(687,'Leaf Margin Border Border Intra-Marginal',1370,1371,NULL,NULL,NULL,0,0,1,'2018-03-06 15:55:46'),(688,'Leaf Margin Border Leaf Border Cell Isodiametric',1372,1373,NULL,NULL,NULL,0,0,1,'2018-03-06 15:55:46'),(689,'Leaf Margin Border Of Cancellinae',1374,1375,NULL,NULL,NULL,0,0,1,'2018-03-06 15:55:46'),(690,'Leaf Margin Border Of Diagonally Oriented Cells',1376,1377,NULL,NULL,NULL,0,0,1,'2018-03-06 15:55:46'),(691,'Leaf Margin Border Of Elongate Cell Length',1378,1379,NULL,NULL,NULL,0,0,1,'2018-03-06 15:55:46'),(692,'Leaf Margin Border Of Long Cell Length',1380,1381,NULL,NULL,NULL,0,0,1,'2018-03-06 15:55:46'),(693,'Leaf Margin Border Of Narrow Cell Length',1382,1383,NULL,NULL,NULL,0,0,1,'2018-03-06 15:55:46'),(694,'Leaf Margin Border Of Short Cell Length',1384,1385,NULL,NULL,NULL,0,0,1,'2018-03-06 15:55:46'),(695,'Leaf Margin Border Present',1386,1387,NULL,NULL,NULL,0,1,1,'2018-03-06 15:55:46'),(696,'Leaf Margin Border With Cilia',1388,1389,NULL,NULL,NULL,0,1,1,'2018-03-06 15:55:46'),(697,'Leaf Margin Cell Ornamentation',1391,1402,NULL,NULL,NULL,NULL,NULL,NULL,'2018-03-06 15:55:46'),(698,'Leaf Margin Cell Ornamentation Cells Thick-Walled',1392,1393,NULL,NULL,NULL,0,0,1,'2018-03-06 15:55:46'),(699,'Leaf Margin Cell Ornamentation Cells Thin-Walled',1394,1395,NULL,NULL,NULL,0,0,1,'2018-03-06 15:55:46'),(700,'Leaf Margin Cell Ornamentation Papillose-Crenulate Margin',1396,1397,NULL,NULL,NULL,0,0,1,'2018-03-06 15:55:46'),(701,'Leaf Margin Cell Ornamentation Projecting Papilla',1398,1399,NULL,NULL,NULL,0,0,1,'2018-03-06 15:55:46'),(702,'Leaf Margin Cell Ornamentation Smooth',1400,1401,NULL,NULL,NULL,0,0,1,'2018-03-06 15:55:46'),(703,'Leaf Margin Color',1403,1416,NULL,NULL,NULL,NULL,NULL,NULL,'2018-03-06 15:55:46'),(704,'Leaf Margin Color Darker',1404,1405,NULL,NULL,NULL,1,1,1,'2018-03-06 15:55:46'),(705,'Leaf Margin Color Differs In Color And Opacity From Medial Lamellae',1406,1407,NULL,NULL,NULL,1,1,1,'2018-03-06 15:55:46'),(706,'Leaf Margin Color Green',1408,1409,NULL,NULL,NULL,0,1,1,'2018-03-06 15:55:46'),(707,'Leaf Margin Color Hyaline',1410,1411,NULL,NULL,NULL,1,1,1,'2018-03-06 15:55:46'),(708,'Leaf Margin Color Paler',1412,1413,NULL,NULL,NULL,0,1,1,'2018-03-06 15:55:46'),(709,'Leaf Margin Color Yellowish',1414,1415,NULL,NULL,NULL,1,1,1,'2018-03-06 15:55:46'),(710,'Leaf Margin Layers',1417,1424,NULL,NULL,NULL,NULL,NULL,NULL,'2018-03-06 15:55:46'),(711,'Leaf Margin Layers Bistratose',1418,1419,NULL,NULL,NULL,0,0,1,'2018-03-06 15:55:46'),(712,'Leaf Margin Layers Three To Five',1420,1421,NULL,NULL,NULL,0,0,1,'2018-03-06 15:55:46'),(713,'Leaf Margin Layers Unistratose',1422,1423,NULL,NULL,NULL,0,0,1,'2018-03-06 15:55:46'),(714,'Leaf Margin Leaf Border Orientation',1425,1470,NULL,NULL,NULL,NULL,NULL,NULL,'2018-03-06 15:55:46'),(715,'Leaf Margin Leaf Border Orientation Erect When Wet',1426,1427,NULL,NULL,NULL,1,1,1,'2018-03-06 15:55:46'),(716,'Leaf Margin Leaf Border Orientation Incurved',1428,1429,NULL,NULL,NULL,0,0,0,'2018-03-06 15:55:46'),(717,'Leaf Margin Leaf Border Orientation Incurved On One Side Only',1430,1431,NULL,NULL,NULL,0,1,1,'2018-03-06 15:55:46'),(718,'Leaf Margin Leaf Border Orientation Inflexed On One Side',1432,1433,NULL,NULL,NULL,0,1,1,'2018-03-06 15:55:46'),(719,'Leaf Margin Leaf Border Orientation Infolded',1434,1435,NULL,NULL,NULL,0,1,1,'2018-03-06 15:55:46'),(720,'Leaf Margin Leaf Border Orientation Inrolled',1436,1437,NULL,NULL,NULL,0,1,1,'2018-03-06 15:55:46'),(721,'Leaf Margin Leaf Border Orientation Involute',1438,1439,NULL,NULL,NULL,0,1,1,'2018-03-06 15:55:46'),(722,'Leaf Margin Leaf Border Orientation Involute When Dry',1440,1441,NULL,NULL,NULL,0,1,1,'2018-03-06 15:55:46'),(723,'Leaf Margin Leaf Border Orientation Involute When Wet',1442,1443,NULL,NULL,NULL,0,1,1,'2018-03-06 15:55:46'),(724,'Leaf Margin Leaf Border Orientation Leaves Recurved Below',1444,1445,NULL,NULL,NULL,0,1,1,'2018-03-06 15:55:46'),(725,'Leaf Margin Leaf Border Orientation Margin Revolute',1446,1447,NULL,NULL,NULL,0,1,1,'2018-03-06 15:55:46'),(726,'Leaf Margin Leaf Border Orientation Margin Reflexed',1448,1449,NULL,NULL,NULL,0,1,1,'2018-03-06 15:55:46'),(727,'Leaf Margin Leaf Border Orientation Planar Below',1450,1451,NULL,NULL,NULL,0,1,1,'2018-03-06 15:55:46'),(728,'Leaf Margin Leaf Border Orientation Plane',1452,1453,NULL,NULL,NULL,1,1,1,'2018-03-06 15:55:46'),(729,'Leaf Margin Leaf Border Orientation Plane When Wet',1454,1455,NULL,NULL,NULL,0,1,1,'2018-03-06 15:55:46'),(730,'Leaf Margin Leaf Border Orientation Reflexed',1456,1457,NULL,NULL,NULL,0,1,1,'2018-03-06 15:55:46'),(731,'Leaf Margin Leaf Border Orientation Reflexed Below',1458,1459,NULL,NULL,NULL,0,1,1,'2018-03-06 15:55:46'),(732,'Leaf Margin Leaf Border Orientation Revolute Below',1460,1461,NULL,NULL,NULL,0,1,1,'2018-03-06 15:55:46'),(733,'Leaf Margin Leaf Border Orientation Revolute On One Side Only',1462,1463,NULL,NULL,NULL,0,1,1,'2018-03-06 15:55:46'),(734,'Leaf Margin Leaf Border Orientation Revolute To Near Apex',1464,1465,NULL,NULL,NULL,0,1,1,'2018-03-06 15:55:46'),(735,'Leaf Margin Leaf Border Orientation Spirally Inrolled',1466,1467,NULL,NULL,NULL,0,1,1,'2018-03-06 15:55:46'),(736,'Leaf Margin Leaf Border Orientation Wavy Margin',1468,1469,NULL,NULL,NULL,1,1,1,'2018-03-06 15:55:46'),(737,'Leaf Margin Leaf Margin',1471,1474,NULL,NULL,NULL,NULL,NULL,NULL,'2018-03-06 15:55:46'),(738,'Leaf Margin Leaf Margin Crenulate',1472,1473,NULL,NULL,NULL,0,1,1,'2018-03-06 15:55:46'),(739,'Leaf Margin Leaf Margin Cell Orientation',1475,1486,NULL,NULL,NULL,NULL,NULL,NULL,'2018-03-06 15:55:46'),(740,'Leaf Margin Leaf Margin Cell Orientation Leaf Marginal Cell In Single Row',1476,1477,NULL,NULL,NULL,0,0,1,'2018-03-06 15:55:46'),(741,'Leaf Margin Leaf Margin Cell Orientation Leaf Marginal Cell Linear',1478,1479,NULL,NULL,NULL,0,0,1,'2018-03-06 15:55:46'),(742,'Leaf Margin Leaf Margin Cell Orientation Leaf Margins Of Elongated Cells',1480,1481,NULL,NULL,NULL,0,0,1,'2018-03-06 15:55:46'),(743,'Leaf Margin Leaf Margin Cell Orientation Leaf With Intramarginal Band At Base',1482,1483,NULL,NULL,NULL,0,0,1,'2018-03-06 15:55:46'),(744,'Leaf Margin Leaf Margin Cell Orientation Leaf With Intramarginal Border (Differentiated Cell Just Inside Short Marginal Cell)',1484,1485,NULL,NULL,NULL,0,0,1,'2018-03-06 15:55:46'),(745,'Leaf Margin Leaf Tip',1487,1496,NULL,NULL,NULL,NULL,NULL,NULL,'2018-03-06 15:55:46'),(746,'Leaf Margin Leaf Tip Spex Serrate',1488,1489,NULL,NULL,NULL,0,1,1,'2018-03-06 15:55:46'),(747,'Leaf Margin Leaf Tip With Awns',1490,1491,NULL,NULL,NULL,1,1,0,'2018-03-06 15:55:46'),(748,'Leaf Margin Leaf Tip With Hair-Points',1492,1493,NULL,NULL,NULL,1,1,1,'2018-03-06 15:55:46'),(749,'Leaf Margin Leaf Tip With Hyaline Apices',1494,1495,NULL,NULL,NULL,1,1,1,'2018-03-06 15:55:46'),(750,'Leaf Margin Serrated/Toothed',1497,1538,NULL,NULL,NULL,NULL,NULL,NULL,'2018-03-06 15:55:46'),(751,'Leaf Margin Serrated/Toothed Alternate Large And Small Teeth',1498,1499,NULL,NULL,NULL,0,1,1,'2018-03-06 15:55:46'),(752,'Leaf Margin Serrated/Toothed Coarsely Serrulate In Upper Third',1500,1501,NULL,NULL,NULL,0,1,1,'2018-03-06 15:55:46'),(753,'Leaf Margin Serrated/Toothed Doubly Serrate Above',1502,1503,NULL,NULL,NULL,0,1,1,'2018-03-06 15:55:46'),(754,'Leaf Margin Serrated/Toothed Leaf Serrate',1504,1505,NULL,NULL,NULL,1,1,1,'2018-03-06 15:55:46'),(755,'Leaf Margin Serrated/Toothed Serrate Above',1506,1507,NULL,NULL,NULL,0,1,1,'2018-03-06 15:55:46'),(756,'Leaf Margin Serrated/Toothed Serrate At Base',1508,1509,NULL,NULL,NULL,0,1,1,'2018-03-06 15:55:46'),(757,'Leaf Margin Serrated/Toothed Serrulate At Apex',1510,1511,NULL,NULL,NULL,0,1,1,'2018-03-06 15:55:46'),(758,'Leaf Margin Serrated/Toothed Serrulate Throughout',1512,1513,NULL,NULL,NULL,0,1,1,'2018-03-06 15:55:46'),(759,'Leaf Margin Serrated/Toothed Sharply Serrate Above',1514,1515,NULL,NULL,NULL,0,1,1,'2018-03-06 15:55:46'),(760,'Leaf Margin Serrated/Toothed Singly Serrate Above',1516,1517,NULL,NULL,NULL,0,1,1,'2018-03-06 15:55:46'),(761,'Leaf Margin Serrated/Toothed Spinose-Dentate',1518,1519,NULL,NULL,NULL,0,1,1,'2018-03-06 15:55:46'),(762,'Leaf Margin Serrated/Toothed Spinulose Above',1520,1521,NULL,NULL,NULL,1,1,1,'2018-03-06 15:55:46'),(763,'Leaf Margin Serrated/Toothed Teeth Long',1522,1523,NULL,NULL,NULL,0,1,1,'2018-03-06 15:55:46'),(764,'Leaf Margin Serrated/Toothed Teeth Paired',1524,1525,NULL,NULL,NULL,0,1,1,'2018-03-06 15:55:46'),(765,'Leaf Margin Serrated/Toothed Teeth Right-Angled',1526,1527,NULL,NULL,NULL,0,1,1,'2018-03-06 15:55:46'),(766,'Leaf Margin Serrated/Toothed Teeth Single',1528,1529,NULL,NULL,NULL,0,1,1,'2018-03-06 15:55:46'),(767,'Leaf Margin Serrated/Toothed Toothed',1530,1531,NULL,NULL,NULL,1,1,1,'2018-03-06 15:55:46'),(768,'Leaf Margin Serrated/Toothed Toothed Above',1532,1533,NULL,NULL,NULL,0,1,1,'2018-03-06 15:55:46'),(769,'Leaf Margin Serrated/Toothed Toothed At Apex',1534,1535,NULL,NULL,NULL,0,1,1,'2018-03-06 15:55:46'),(770,'Leaf Margin Serrated/Toothed Toothed Or Serrate',1536,1537,NULL,NULL,NULL,1,1,1,'2018-03-06 15:55:46'),(771,'Leaf Shape',1540,1737,NULL,NULL,NULL,NULL,NULL,NULL,'2018-03-06 15:55:46'),(772,'Leaf Shape Apex',1541,1582,NULL,NULL,NULL,NULL,NULL,NULL,'2018-03-06 15:55:46'),(773,'Leaf Shape Apex Abruptly Acuminate',1542,1543,NULL,NULL,NULL,0,1,1,'2018-03-06 15:55:46'),(774,'Leaf Shape Apex Abruptly Narrowed To Short Acumen',1544,1545,NULL,NULL,NULL,0,1,1,'2018-03-06 15:55:46'),(775,'Leaf Shape Apex Acumen Channeled',1546,1547,NULL,NULL,NULL,0,1,1,'2018-03-06 15:55:46'),(776,'Leaf Shape Apex Acumen Color Pale',1548,1549,NULL,NULL,NULL,0,1,1,'2018-03-06 15:55:46'),(777,'Leaf Shape Apex Apiculate',1550,1551,NULL,NULL,NULL,0,1,1,'2018-03-06 15:55:46'),(778,'Leaf Shape Apex Awn Caducous',1552,1553,NULL,NULL,NULL,0,1,1,'2018-03-06 15:55:46'),(779,'Leaf Shape Apex Bluntly Acute',1554,1555,NULL,NULL,NULL,0,1,1,'2018-03-06 15:55:46'),(780,'Leaf Shape Apex Cell Color Hyaline',1556,1557,NULL,NULL,NULL,0,1,1,'2018-03-06 15:55:46'),(781,'Leaf Shape Apex Hair-Pointed',1558,1559,NULL,NULL,NULL,0,1,1,'2018-03-06 15:55:46'),(782,'Leaf Shape Apex Hhyaline',1560,1561,NULL,NULL,NULL,0,1,1,'2018-03-06 15:55:46'),(783,'Leaf Shape Apex Sith Reflexed Tips',1562,1563,NULL,NULL,NULL,0,1,1,'2018-03-06 15:55:46'),(784,'Leaf Shape Apex Spinulose',1564,1565,NULL,NULL,NULL,0,1,1,'2018-03-06 15:55:46'),(785,'Leaf Shape Apex Subula Roughened Throughout By Cell Ends',1566,1567,NULL,NULL,NULL,0,1,1,'2018-03-06 15:55:46'),(786,'Leaf Shape Apex With Awn',1568,1569,NULL,NULL,NULL,0,1,1,'2018-03-06 15:55:46'),(787,'Leaf Shape Apex With Hair Point',1570,1571,NULL,NULL,NULL,0,1,1,'2018-03-06 15:55:46'),(788,'Leaf Shape Apex With Long Awn',1572,1573,NULL,NULL,NULL,0,1,1,'2018-03-06 15:55:46'),(789,'Leaf Shape Apex With Long Setaceous Point',1574,1575,NULL,NULL,NULL,0,1,1,'2018-03-06 15:55:46'),(790,'Leaf Shape Apex With Reflexed Point',1576,1577,NULL,NULL,NULL,0,1,1,'2018-03-06 15:55:46'),(791,'Leaf Shape Apex With Roughened Subula',1578,1579,NULL,NULL,NULL,0,1,1,'2018-03-06 15:55:46'),(792,'Leaf Shape Apex With Short Awn',1580,1581,NULL,NULL,NULL,0,1,1,'2018-03-06 15:55:46'),(793,'Leaf Shape Leaf Base',1583,1602,NULL,NULL,NULL,NULL,NULL,NULL,'2018-03-06 15:55:46'),(794,'Leaf Shape Leaf Base Chordate',1584,1585,NULL,NULL,NULL,0,1,1,'2018-03-06 15:55:46'),(795,'Leaf Shape Leaf Base Decurrent',1586,1587,NULL,NULL,NULL,1,0,0,'2018-03-06 15:55:46'),(796,'Leaf Shape Leaf Base Erect',1588,1589,NULL,NULL,NULL,0,1,1,'2018-03-06 15:55:46'),(797,'Leaf Shape Leaf Base Expanded',1590,1591,NULL,NULL,NULL,0,1,1,'2018-03-06 15:55:46'),(798,'Leaf Shape Leaf Base Expanded',1592,1593,NULL,NULL,NULL,0,1,1,'2018-03-06 15:55:46'),(799,'Leaf Shape Leaf Base Fragile',1594,1595,NULL,NULL,NULL,0,1,1,'2018-03-06 15:55:46'),(800,'Leaf Shape Leaf Base Lobed',1596,1597,NULL,NULL,NULL,0,0,1,'2018-03-06 15:55:46'),(801,'Leaf Shape Leaf Base Ovate',1598,1599,NULL,NULL,NULL,0,1,1,'2018-03-06 15:55:46'),(802,'Leaf Shape Leaf Base Sheathing',1600,1601,NULL,NULL,NULL,0,1,1,'2018-03-06 15:55:46'),(803,'Leaf Shape Outline',1603,1704,NULL,NULL,NULL,NULL,NULL,NULL,'2018-03-06 15:55:46'),(804,'Leaf Shape Outline Abruptly Reflexed',1604,1605,NULL,NULL,NULL,1,1,0,'2018-03-06 15:55:46'),(805,'Leaf Shape Outline Acuminate',1606,1607,NULL,NULL,NULL,1,1,0,'2018-03-06 15:55:46'),(806,'Leaf Shape Outline Appressed When Dry',1608,1609,NULL,NULL,NULL,1,1,0,'2018-03-06 15:55:46'),(807,'Leaf Shape Outline Broad',1610,1611,NULL,NULL,NULL,1,1,0,'2018-03-06 15:55:46'),(808,'Leaf Shape Outline Broader At Base',1612,1613,NULL,NULL,NULL,1,1,0,'2018-03-06 15:55:46'),(809,'Leaf Shape Outline Broader Near Middle',1614,1615,NULL,NULL,NULL,1,1,0,'2018-03-06 15:55:46'),(810,'Leaf Shape Outline Broadly Elliptical',1616,1617,NULL,NULL,NULL,1,1,0,'2018-03-06 15:55:46'),(811,'Leaf Shape Outline Broadly Lingulate',1618,1619,NULL,NULL,NULL,1,1,0,'2018-03-06 15:55:46'),(812,'Leaf Shape Outline Broadly Oblong',1620,1621,NULL,NULL,NULL,1,1,0,'2018-03-06 15:55:46'),(813,'Leaf Shape Outline Broadly Obtuse',1622,1623,NULL,NULL,NULL,1,1,0,'2018-03-06 15:55:46'),(814,'Leaf Shape Outline Broadly Ovate',1624,1625,NULL,NULL,NULL,1,1,0,'2018-03-06 15:55:46'),(815,'Leaf Shape Outline Bulbiform',1626,1627,NULL,NULL,NULL,1,1,0,'2018-03-06 15:55:46'),(816,'Leaf Shape Outline Cleft',1628,1629,NULL,NULL,NULL,1,1,0,'2018-03-06 15:55:46'),(817,'Leaf Shape Outline Concave',1630,1631,NULL,NULL,NULL,1,1,0,'2018-03-06 15:55:46'),(818,'Leaf Shape Outline Concave-Cucullate',1632,1633,NULL,NULL,NULL,1,1,0,'2018-03-06 15:55:46'),(819,'Leaf Shape Outline Confluent',1634,1635,NULL,NULL,NULL,1,1,0,'2018-03-06 15:55:46'),(820,'Leaf Shape Outline Contorted When Dry',1636,1637,NULL,NULL,NULL,1,1,0,'2018-03-06 15:55:46'),(821,'Leaf Shape Outline Cordate',1638,1639,NULL,NULL,NULL,1,1,0,'2018-03-06 15:55:46'),(822,'Leaf Shape Outline Crenulate',1640,1641,NULL,NULL,NULL,1,1,0,'2018-03-06 15:55:46'),(823,'Leaf Shape Outline Crispate',1642,1643,NULL,NULL,NULL,0,0,0,'2018-03-06 15:55:46'),(824,'Leaf Shape Outline Crisped When Dry',1644,1645,NULL,NULL,NULL,1,1,0,'2018-03-06 15:55:46'),(825,'Leaf Shape Outline Cucullate',1646,1647,NULL,NULL,NULL,1,1,0,'2018-03-06 15:55:46'),(826,'Leaf Shape Outline Cuspidate',1648,1649,NULL,NULL,NULL,1,1,0,'2018-03-06 15:55:46'),(827,'Leaf Shape Outline Decurrent',1650,1651,NULL,NULL,NULL,1,1,0,'2018-03-06 15:55:46'),(828,'Leaf Shape Outline Falcate',1652,1653,NULL,NULL,NULL,1,1,0,'2018-03-06 15:55:46'),(829,'Leaf Shape Outline Falcate Below',1654,1655,NULL,NULL,NULL,1,1,0,'2018-03-06 15:55:46'),(830,'Leaf Shape Outline Falcate-Secund',1656,1657,NULL,NULL,NULL,1,1,0,'2018-03-06 15:55:46'),(831,'Leaf Shape Outline Flexuose-Twisted (Dry)',1658,1659,NULL,NULL,NULL,1,1,0,'2018-03-06 15:55:46'),(832,'Leaf Shape Outline Homomallous',1660,1661,NULL,NULL,NULL,1,1,0,'2018-03-06 15:55:46'),(833,'Leaf Shape Outline Imbricate (Dry)',1662,1663,NULL,NULL,NULL,1,1,0,'2018-03-06 15:55:46'),(834,'Leaf Shape Outline Keeled',1664,1665,NULL,NULL,NULL,0,0,0,'2018-03-06 15:55:46'),(835,'Leaf Shape Outline Lanceolate',1666,1667,NULL,NULL,NULL,1,1,0,'2018-03-06 15:55:46'),(836,'Leaf Shape Outline Leaf Shape Acute',1668,1669,NULL,NULL,NULL,1,1,0,'2018-03-06 15:55:46'),(837,'Leaf Shape Outline Ligulate',1670,1671,NULL,NULL,NULL,1,1,0,'2018-03-06 15:55:46'),(838,'Leaf Shape Outline Linear-Lanceolate',1672,1673,NULL,NULL,NULL,1,1,0,'2018-03-06 15:55:46'),(839,'Leaf Shape Outline Lingulate',1674,1675,NULL,NULL,NULL,1,1,0,'2018-03-06 15:55:46'),(840,'Leaf Shape Outline Long Acuminate',1676,1677,NULL,NULL,NULL,1,1,0,'2018-03-06 15:55:46'),(841,'Leaf Shape Outline Long Apiculate',1678,1679,NULL,NULL,NULL,1,1,0,'2018-03-06 15:55:46'),(842,'Leaf Shape Outline Narrowed To Acumen',1680,1681,NULL,NULL,NULL,1,1,0,'2018-03-06 15:55:46'),(843,'Leaf Shape Outline Needle-Like',1682,1683,NULL,NULL,NULL,1,1,0,'2018-03-06 15:55:46'),(844,'Leaf Shape Outline Oblong',1684,1685,NULL,NULL,NULL,1,1,0,'2018-03-06 15:55:46'),(845,'Leaf Shape Outline Oblong-Lanceolate',1686,1687,NULL,NULL,NULL,1,1,0,'2018-03-06 15:55:46'),(846,'Leaf Shape Outline Oblong-Lingulate',1688,1689,NULL,NULL,NULL,1,1,0,'2018-03-06 15:55:46'),(847,'Leaf Shape Outline Obovate',1690,1691,NULL,NULL,NULL,1,1,0,'2018-03-06 15:55:46'),(848,'Leaf Shape Outline Obtuse',1692,1693,NULL,NULL,NULL,1,1,0,'2018-03-06 15:55:46'),(849,'Leaf Shape Outline Ovate',1694,1695,NULL,NULL,NULL,1,1,0,'2018-03-06 15:55:46'),(850,'Leaf Shape Outline Planar',1696,1697,NULL,NULL,NULL,1,1,0,'2018-03-06 15:55:46'),(851,'Leaf Shape Outline Plicate',1698,1699,NULL,NULL,NULL,1,1,0,'2018-03-06 15:55:46'),(852,'Leaf Shape Outline Plicate Below',1700,1701,NULL,NULL,NULL,1,1,0,'2018-03-06 15:55:46'),(853,'Leaf Shape Outline Thread-Like',1702,1703,NULL,NULL,NULL,1,1,0,'2018-03-06 15:55:46'),(854,'Leaf Shape Tip',1705,1736,NULL,NULL,NULL,NULL,NULL,NULL,'2018-03-06 15:55:46'),(855,'Leaf Shape Tip Acuminate',1706,1707,NULL,NULL,NULL,1,1,0,'2018-03-06 15:55:46'),(856,'Leaf Shape Tip Acute',1708,1709,NULL,NULL,NULL,1,1,0,'2018-03-06 15:55:46'),(857,'Leaf Shape Tip Broadly Rounded',1710,1711,NULL,NULL,NULL,1,1,0,'2018-03-06 15:55:46'),(858,'Leaf Shape Tip Channeled',1712,1713,NULL,NULL,NULL,0,1,1,'2018-03-06 15:55:46'),(859,'Leaf Shape Tip Hyaline',1714,1715,NULL,NULL,NULL,1,1,1,'2018-03-06 15:55:46'),(860,'Leaf Shape Tip Obtuse',1716,1717,NULL,NULL,NULL,1,1,0,'2018-03-06 15:55:46'),(861,'Leaf Shape Tip Recurved',1718,1719,NULL,NULL,NULL,1,1,0,'2018-03-06 15:55:46'),(862,'Leaf Shape Tip Reflexed',1720,1721,NULL,NULL,NULL,1,1,0,'2018-03-06 15:55:46'),(863,'Leaf Shape Tip Rounded',1722,1723,NULL,NULL,NULL,1,1,0,'2018-03-06 15:55:46'),(864,'Leaf Shape Tip Serrulate',1724,1725,NULL,NULL,NULL,1,1,0,'2018-03-06 15:55:46'),(865,'Leaf Shape Tip Slightly Serrulate',1726,1727,NULL,NULL,NULL,0,1,1,'2018-03-06 15:55:46'),(866,'Leaf Shape Tip Terminal Cell Long',1728,1729,NULL,NULL,NULL,0,1,1,'2018-03-06 15:55:46'),(867,'Leaf Shape Tip Terminal Cell Smooth',1730,1731,NULL,NULL,NULL,0,1,1,'2018-03-06 15:55:46'),(868,'Leaf Shape Tip Truncate',1732,1733,NULL,NULL,NULL,1,1,0,'2018-03-06 15:55:46'),(869,'Leaf Shape Tip Twisted',1734,1735,NULL,NULL,NULL,1,1,0,'2018-03-06 15:55:46'),(870,'Leaf Size',1738,1753,NULL,NULL,NULL,NULL,NULL,NULL,'2018-03-06 15:55:46'),(871,'Leaf Size Length',1739,1752,NULL,NULL,NULL,NULL,NULL,NULL,'2018-03-06 15:55:46'),(872,'Leaf Size Length Greater Than 1 Mm',1740,1741,NULL,NULL,NULL,1,1,0,'2018-03-06 15:55:46'),(873,'Leaf Size Length Greater Than 3 Mm',1742,1743,NULL,NULL,NULL,1,1,0,'2018-03-06 15:55:46'),(874,'Leaf Size Length Greater Than 5 Mm',1744,1745,NULL,NULL,NULL,1,1,0,'2018-03-06 15:55:46'),(875,'Leaf Size Length Less Than 1 Mm',1746,1747,NULL,NULL,NULL,1,1,1,'2018-03-06 15:55:46'),(876,'Leaf Size Length Less Than One-Half Mm',1748,1749,NULL,NULL,NULL,0,0,1,'2018-03-06 15:55:46'),(877,'Leaf Size Length One-Half To One Mm',1750,1751,NULL,NULL,NULL,0,0,1,'2018-03-06 15:55:46'),(878,'Leaf Structure',1754,1795,NULL,NULL,NULL,NULL,NULL,NULL,'2018-03-06 15:55:46'),(879,'Leaf Structure Appearance',1755,1770,NULL,NULL,NULL,NULL,NULL,NULL,'2018-03-06 15:55:46'),(880,'Leaf Structure Appearance Cells Empty Looking',1756,1757,NULL,NULL,NULL,1,1,1,'2018-03-06 15:55:46'),(881,'Leaf Structure Appearance Flat',1758,1759,NULL,NULL,NULL,1,0,0,'2018-03-06 15:55:46'),(882,'Leaf Structure Appearance Fleshy',1760,1761,NULL,NULL,NULL,1,0,0,'2018-03-06 15:55:46'),(883,'Leaf Structure Appearance Folded To Appear Heart-Shaped',1762,1763,NULL,NULL,NULL,1,1,0,'2018-03-06 15:55:46'),(884,'Leaf Structure Appearance Keeled',1764,1765,NULL,NULL,NULL,0,1,1,'2018-03-06 15:55:46'),(885,'Leaf Structure Appearance Posterior Edge Clasping',1766,1767,NULL,NULL,NULL,0,1,1,'2018-03-06 15:55:46'),(886,'Leaf Structure Appearance Thin',1768,1769,NULL,NULL,NULL,1,0,0,'2018-03-06 15:55:46'),(887,'Leaf Structure Leaf Laminal Layers',1771,1794,NULL,NULL,NULL,NULL,NULL,NULL,'2018-03-06 15:55:46'),(888,'Leaf Structure Leaf Laminal Layers Bistratose',1772,1773,NULL,NULL,NULL,0,0,1,'2018-03-06 15:55:46'),(889,'Leaf Structure Leaf Laminal Layers Cleft At Anterior Edge',1774,1775,NULL,NULL,NULL,0,1,1,'2018-03-06 15:55:46'),(890,'Leaf Structure Leaf Laminal Layers Conduplicate',1776,1777,NULL,NULL,NULL,0,1,1,'2018-03-06 15:55:46'),(891,'Leaf Structure Leaf Laminal Layers Confluent',1778,1779,NULL,NULL,NULL,0,1,1,'2018-03-06 15:55:46'),(892,'Leaf Structure Leaf Laminal Layers Multi-Stratose',1780,1781,NULL,NULL,NULL,0,0,1,'2018-03-06 15:55:46'),(893,'Leaf Structure Leaf Laminal Layers Multistratose Streaks',1782,1783,NULL,NULL,NULL,0,0,1,'2018-03-06 15:55:46'),(894,'Leaf Structure Leaf Laminal Layers Unistratose',1784,1785,NULL,NULL,NULL,0,0,1,'2018-03-06 15:55:46'),(895,'Leaf Structure Leaf Laminal Layers Upper Leaf Bistratose',1786,1787,NULL,NULL,NULL,0,0,1,'2018-03-06 15:55:46'),(896,'Leaf Structure Leaf Laminal Layers Upper Leaf Lamina Unistratose',1788,1789,NULL,NULL,NULL,0,0,1,'2018-03-06 15:55:46'),(897,'Leaf Structure Leaf Laminal Layers Vaginate (Clasping)',1790,1791,NULL,NULL,NULL,0,0,0,'2018-03-06 15:55:46'),(898,'Leaf Structure Leaf Laminal Layers With 3-4 Strata',1792,1793,NULL,NULL,NULL,0,0,1,'2018-03-06 15:55:46'),(899,'Leaf Surface',1796,1813,NULL,NULL,NULL,NULL,NULL,NULL,'2018-03-06 15:55:46'),(900,'Leaf Surface Mid Leaf',1797,1812,NULL,NULL,NULL,NULL,NULL,NULL,'2018-03-06 15:55:46'),(901,'Leaf Surface Mid Leaf Biplicate',1798,1799,NULL,NULL,NULL,0,1,1,'2018-03-06 15:55:46'),(902,'Leaf Surface Mid Leaf Leaf Surface Rugose',1800,1801,NULL,NULL,NULL,0,1,1,'2018-03-06 15:55:46'),(903,'Leaf Surface Mid Leaf Leaf Surface Striolate (Finely Ridged)',1802,1803,NULL,NULL,NULL,0,1,1,'2018-03-06 15:55:46'),(904,'Leaf Surface Mid Leaf Plicate',1804,1805,NULL,NULL,NULL,1,1,1,'2018-03-06 15:55:46'),(905,'Leaf Surface Mid Leaf Rugose',1806,1807,NULL,NULL,NULL,1,1,0,'2018-03-06 15:55:46'),(906,'Leaf Surface Mid Leaf Rugose Above',1808,1809,NULL,NULL,NULL,1,1,0,'2018-03-06 15:55:46'),(907,'Leaf Surface Mid Leaf Undulate',1810,1811,NULL,NULL,NULL,0,1,1,'2018-03-06 15:55:46'),(908,'Mesic Habitat',1814,1837,NULL,NULL,NULL,NULL,NULL,NULL,'2018-03-06 15:55:46'),(909,'Mesic Habitat Aquatic',1815,1836,NULL,NULL,NULL,NULL,NULL,NULL,'2018-03-06 15:55:46'),(910,'Mesic Habitat Aquatic Aquatic',1816,1817,NULL,NULL,NULL,1,0,0,'2018-03-06 15:55:46'),(911,'Mesic Habitat Aquatic Bog',1818,1819,NULL,NULL,NULL,1,0,0,'2018-03-06 15:55:46'),(912,'Mesic Habitat Aquatic Fen',1820,1821,NULL,NULL,NULL,1,0,0,'2018-03-06 15:55:46'),(913,'Mesic Habitat Aquatic Periodically Submerged',1822,1823,NULL,NULL,NULL,1,0,0,'2018-03-06 15:55:46'),(914,'Mesic Habitat Aquatic Riparian',1824,1825,NULL,NULL,NULL,1,0,0,'2018-03-06 15:55:46'),(915,'Mesic Habitat Aquatic Shallow Water',1826,1827,NULL,NULL,NULL,1,0,0,'2018-03-06 15:55:46'),(916,'Mesic Habitat Aquatic Stream',1828,1829,NULL,NULL,NULL,1,0,0,'2018-03-06 15:55:46'),(917,'Mesic Habitat Aquatic Swamp',1830,1831,NULL,NULL,NULL,1,0,0,'2018-03-06 15:55:46'),(918,'Mesic Habitat Aquatic Totally Submerged',1832,1833,NULL,NULL,NULL,1,0,0,'2018-03-06 15:55:46'),(919,'Mesic Habitat Aquatic Within Splash Zone',1834,1835,NULL,NULL,NULL,1,0,0,'2018-03-06 15:55:46'),(920,'Perichaetial Leaf',1838,1845,NULL,NULL,NULL,NULL,NULL,NULL,'2018-03-06 15:55:46'),(921,'Perichaetial Leaf Shape',1839,1844,NULL,NULL,NULL,NULL,NULL,NULL,'2018-03-06 15:55:46'),(922,'Perichaetial Leaf Shape Setaceous',1840,1841,NULL,NULL,NULL,0,1,1,'2018-03-06 15:55:46'),(923,'Perichaetial Leaf Shape Subulate',1842,1843,NULL,NULL,NULL,0,1,1,'2018-03-06 15:55:46'),(924,'Protonemata',1846,1855,NULL,NULL,NULL,NULL,NULL,NULL,'2018-03-06 15:55:46'),(925,'Protonemata Mature Plant Presence',1847,1854,NULL,NULL,NULL,NULL,NULL,NULL,'2018-03-06 15:55:46'),(926,'Protonemata Mature Plant Presence Plant Primarily Protonemata',1848,1849,NULL,NULL,NULL,0,0,1,'2018-03-06 15:55:46'),(927,'Protonemata Mature Plant Presence Protonemata Ephemeral',1850,1851,NULL,NULL,NULL,0,0,1,'2018-03-06 15:55:46'),(928,'Protonemata Mature Plant Presence Protonemata Peristent',1852,1853,NULL,NULL,NULL,0,0,1,'2018-03-06 15:55:46'),(929,'Seta',1856,1897,NULL,NULL,NULL,NULL,NULL,NULL,'2018-03-06 15:55:46'),(930,'Seta Color',1857,1862,NULL,NULL,NULL,NULL,NULL,NULL,'2018-03-06 15:55:46'),(931,'Seta Color Brownish',1858,1859,NULL,NULL,NULL,1,1,0,'2018-03-06 15:55:46'),(932,'Seta Color Hyaline',1860,1861,NULL,NULL,NULL,1,1,0,'2018-03-06 15:55:46'),(933,'Seta Length',1863,1870,NULL,NULL,NULL,NULL,NULL,NULL,'2018-03-06 15:55:46'),(934,'Seta Length Long (Capsule Completey Emergent)',1864,1865,NULL,NULL,NULL,1,1,0,'2018-03-06 15:55:46'),(935,'Seta Length Short (Capsule Immersed To Barely Emergent)',1866,1867,NULL,NULL,NULL,1,1,0,'2018-03-06 15:55:46'),(936,'Seta Length Very Long (Several Times Capsule Length)',1868,1869,NULL,NULL,NULL,1,1,0,'2018-03-06 15:55:46'),(937,'Seta Orientation',1871,1882,NULL,NULL,NULL,NULL,NULL,NULL,'2018-03-06 15:55:46'),(938,'Seta Orientation Bent At Capsule Base',1872,1873,NULL,NULL,NULL,1,1,0,'2018-03-06 15:55:46'),(939,'Seta Orientation Curved',1874,1875,NULL,NULL,NULL,1,1,0,'2018-03-06 15:55:46'),(940,'Seta Orientation Cygneous When Wet',1876,1877,NULL,NULL,NULL,1,1,0,'2018-03-06 15:55:46'),(941,'Seta Orientation Flexuose',1878,1879,NULL,NULL,NULL,1,1,0,'2018-03-06 15:55:46'),(942,'Seta Orientation Straight',1880,1881,NULL,NULL,NULL,1,1,0,'2018-03-06 15:55:46'),(943,'Seta Surface',1883,1888,NULL,NULL,NULL,NULL,NULL,NULL,'2018-03-06 15:55:46'),(944,'Seta Surface Rough',1884,1885,NULL,NULL,NULL,0,0,0,'2018-03-06 15:55:46'),(945,'Seta Surface Smooth',1886,1887,NULL,NULL,NULL,0,0,0,'2018-03-06 15:55:46'),(946,'Seta Twisting (Tip To Base)',1889,1896,NULL,NULL,NULL,NULL,NULL,NULL,'2018-03-06 15:55:46'),(947,'Seta Twisting (Tip To Base) Clockwise',1890,1891,NULL,NULL,NULL,0,1,0,'2018-03-06 15:55:46'),(948,'Seta Twisting (Tip To Base) Counter Clockwise',1892,1893,NULL,NULL,NULL,0,1,0,'2018-03-06 15:55:46'),(949,'Seta Twisting (Tip To Base) Twisted When Wet - Straight When Dry',1894,1895,NULL,NULL,NULL,1,0,0,'2018-03-06 15:55:46'),(950,'Sexual Structures',1898,1911,NULL,NULL,NULL,NULL,NULL,NULL,'2018-03-06 15:55:46'),(951,'Sexual Structures Placement',1899,1910,NULL,NULL,NULL,NULL,NULL,NULL,'2018-03-06 15:55:46'),(952,'Sexual Structures Placement Archedonia Mostly Basal',1900,1901,NULL,NULL,NULL,0,0,1,'2018-03-06 15:55:46'),(953,'Sexual Structures Placement Autoicous',1902,1903,NULL,NULL,NULL,0,1,1,'2018-03-06 15:55:46'),(954,'Sexual Structures Placement Dioicous',1904,1905,NULL,NULL,NULL,0,1,1,'2018-03-06 15:55:46'),(955,'Sexual Structures Placement Monoicous',1906,1907,NULL,NULL,NULL,0,1,1,'2018-03-06 15:55:46'),(956,'Sexual Structures Placement Perichaetial Leaf With Awns',1908,1909,NULL,NULL,NULL,0,1,1,'2018-03-06 15:55:46'),(957,'Spores',1912,1927,NULL,NULL,NULL,NULL,NULL,NULL,'2018-03-06 15:55:46'),(958,'Spores Number',1913,1918,NULL,NULL,NULL,NULL,NULL,NULL,'2018-03-06 15:55:46'),(959,'Spores Number Less Than 100',1914,1915,NULL,NULL,NULL,0,0,1,'2018-03-06 15:55:46'),(960,'Spores Number More Than 100',1916,1917,NULL,NULL,NULL,0,0,1,'2018-03-06 15:55:46'),(961,'Spores Size',1919,1926,NULL,NULL,NULL,NULL,NULL,NULL,'2018-03-06 15:55:46'),(962,'Spores Size Large  (Greater Than 100 Microns)',1920,1921,NULL,NULL,NULL,0,0,1,'2018-03-06 15:55:46'),(963,'Spores Size Medium (30 To 100 Microns)',1922,1923,NULL,NULL,NULL,0,0,1,'2018-03-06 15:55:46'),(964,'Spores Size Small (Less Than 30 Microns)',1924,1925,NULL,NULL,NULL,0,0,1,'2018-03-06 15:55:46'),(965,'Sporophyte',1928,1941,NULL,NULL,NULL,NULL,NULL,NULL,'2018-03-06 15:55:46'),(966,'Sporophyte Orientation',1929,1940,NULL,NULL,NULL,NULL,NULL,NULL,'2018-03-06 15:55:46'),(967,'Sporophyte Orientation At Branch Tips (Cladocarpous)',1930,1931,NULL,NULL,NULL,1,1,0,'2018-03-06 15:55:46'),(968,'Sporophyte Orientation Lateral',1932,1933,NULL,NULL,NULL,1,1,0,'2018-03-06 15:55:46'),(969,'Sporophyte Orientation Mostly Acrocarpous',1934,1935,NULL,NULL,NULL,1,1,0,'2018-03-06 15:55:46'),(970,'Sporophyte Orientation Mostly Pleuricarpous',1936,1937,NULL,NULL,NULL,1,1,0,'2018-03-06 15:55:46'),(971,'Sporophyte Orientation Terminal',1938,1939,NULL,NULL,NULL,1,1,0,'2018-03-06 15:55:46'),(972,'Stem Leaf',1942,1979,NULL,NULL,NULL,NULL,NULL,NULL,'2018-03-06 15:55:46'),(973,'Stem Leaf Apex',1943,1956,NULL,NULL,NULL,NULL,NULL,NULL,'2018-03-06 15:55:46'),(974,'Stem Leaf Apex Acuminate',1944,1945,NULL,NULL,NULL,1,1,0,'2018-03-06 15:55:46'),(975,'Stem Leaf Apex Contracted To Setaceous Point',1946,1947,NULL,NULL,NULL,1,1,0,'2018-03-06 15:55:46'),(976,'Stem Leaf Apex Lanceolate',1948,1949,NULL,NULL,NULL,0,1,0,'2018-03-06 15:55:46'),(977,'Stem Leaf Apex With Long Point',1950,1951,NULL,NULL,NULL,1,1,0,'2018-03-06 15:55:46'),(978,'Stem Leaf Apex With Point',1952,1953,NULL,NULL,NULL,1,1,0,'2018-03-06 15:55:46'),(979,'Stem Leaf Apex Yellow',1954,1955,NULL,NULL,NULL,1,1,0,'2018-03-06 15:55:46'),(980,'Stem Leaf Border',1957,1960,NULL,NULL,NULL,NULL,NULL,NULL,'2018-03-06 15:55:46'),(981,'Stem Leaf Border Long Marginal Right-Angled Teeth',1958,1959,NULL,NULL,NULL,0,1,1,'2018-03-06 15:55:46'),(982,'Stem Leaf Length',1961,1968,NULL,NULL,NULL,NULL,NULL,NULL,'2018-03-06 15:55:46'),(983,'Stem Leaf Length Greater Than One Half Mm',1962,1963,NULL,NULL,NULL,0,1,0,'2018-03-06 15:55:46'),(984,'Stem Leaf Length Greater Than Two Mm',1964,1965,NULL,NULL,NULL,1,1,0,'2018-03-06 15:55:46'),(985,'Stem Leaf Length One To Two Mm',1966,1967,NULL,NULL,NULL,0,1,0,'2018-03-06 15:55:46'),(986,'Stem Leaf Shape',1969,1974,NULL,NULL,NULL,NULL,NULL,NULL,'2018-03-06 15:55:46'),(987,'Stem Leaf Shape Ovate',1970,1971,NULL,NULL,NULL,0,1,0,'2018-03-06 15:55:46'),(988,'Stem Leaf Shape Straight',1972,1973,NULL,NULL,NULL,0,1,0,'2018-03-06 15:55:46'),(989,'Stem Leaf Surface',1975,1978,NULL,NULL,NULL,NULL,NULL,NULL,'2018-03-06 15:55:46'),(990,'Stem Leaf Surface Undulate',1976,1977,NULL,NULL,NULL,1,1,1,'2018-03-06 15:55:46'),(991,'Stem Leaf Margin',1980,1985,NULL,NULL,NULL,NULL,NULL,NULL,'2018-03-06 15:55:46'),(992,'Stem Leaf Margin Border',1981,1984,NULL,NULL,NULL,NULL,NULL,NULL,'2018-03-06 15:55:46'),(993,'Stem Leaf Margin Border Present',1982,1983,NULL,NULL,NULL,0,1,1,'2018-03-06 15:55:46'),(994,'Stem/Branch Ornamentation',1986,2041,NULL,NULL,NULL,NULL,NULL,NULL,'2018-03-06 15:55:46'),(995,'Stem/Branch Ornamentation Paraphyllia',1987,2030,NULL,NULL,NULL,NULL,NULL,NULL,'2018-03-06 15:55:46'),(996,'Stem/Branch Ornamentation Paraphyllia Branched',1988,1989,NULL,NULL,NULL,0,1,1,'2018-03-06 15:55:46'),(997,'Stem/Branch Ornamentation Paraphyllia Cell Bulging',1990,1991,NULL,NULL,NULL,0,0,1,'2018-03-06 15:55:46'),(998,'Stem/Branch Ornamentation Paraphyllia Ciliate',1992,1993,NULL,NULL,NULL,0,1,1,'2018-03-06 15:55:46'),(999,'Stem/Branch Ornamentation Paraphyllia Dense',1994,1995,NULL,NULL,NULL,0,1,1,'2018-03-06 15:55:46'),(1000,'Stem/Branch Ornamentation Paraphyllia Few',1996,1997,NULL,NULL,NULL,0,0,0,'2018-03-06 15:55:46'),(1001,'Stem/Branch Ornamentation Paraphyllia Filiform',1998,1999,NULL,NULL,NULL,0,1,1,'2018-03-06 15:55:46'),(1002,'Stem/Branch Ornamentation Paraphyllia Foliose',2000,2001,NULL,NULL,NULL,0,0,0,'2018-03-06 15:55:46'),(1003,'Stem/Branch Ornamentation Paraphyllia Green',2002,2003,NULL,NULL,NULL,0,1,1,'2018-03-06 15:55:46'),(1004,'Stem/Branch Ornamentation Paraphyllia Lacinate',2004,2005,NULL,NULL,NULL,0,1,1,'2018-03-06 15:55:46'),(1005,'Stem/Branch Ornamentation Paraphyllia Lanceolate',2006,2007,NULL,NULL,NULL,0,0,1,'2018-03-06 15:55:46'),(1006,'Stem/Branch Ornamentation Paraphyllia Linear',2008,2009,NULL,NULL,NULL,0,0,1,'2018-03-06 15:55:46'),(1007,'Stem/Branch Ornamentation Paraphyllia Low Papillae',2010,2011,NULL,NULL,NULL,0,0,1,'2018-03-06 15:55:46'),(1008,'Stem/Branch Ornamentation Paraphyllia Mammillose',2012,2013,NULL,NULL,NULL,0,0,1,'2018-03-06 15:55:46'),(1009,'Stem/Branch Ornamentation Paraphyllia Margin Ciliate',2014,2015,NULL,NULL,NULL,0,0,1,'2018-03-06 15:55:46'),(1010,'Stem/Branch Ornamentation Paraphyllia Margin Denticulate',2016,2017,NULL,NULL,NULL,0,0,1,'2018-03-06 15:55:46'),(1011,'Stem/Branch Ornamentation Paraphyllia Margin Serrulate',2018,2019,NULL,NULL,NULL,0,0,1,'2018-03-06 15:55:46'),(1012,'Stem/Branch Ornamentation Paraphyllia Papillose',2020,2021,NULL,NULL,NULL,0,0,1,'2018-03-06 15:55:46'),(1013,'Stem/Branch Ornamentation Paraphyllia Papillose Over Lumen',2022,2023,NULL,NULL,NULL,0,0,1,'2018-03-06 15:55:46'),(1014,'Stem/Branch Ornamentation Paraphyllia Paraphyllia Cell Smooth',2024,2025,NULL,NULL,NULL,0,0,1,'2018-03-06 15:55:46'),(1015,'Stem/Branch Ornamentation Paraphyllia Paraphyllia Polymorphous',2026,2027,NULL,NULL,NULL,0,0,1,'2018-03-06 15:55:46'),(1016,'Stem/Branch Ornamentation Paraphyllia Present',2028,2029,NULL,NULL,NULL,0,1,0,'2018-03-06 15:55:46'),(1017,'Stem/Branch Ornamentation Pseudoparaphyllia',2031,2040,NULL,NULL,NULL,NULL,NULL,NULL,'2018-03-06 15:55:46'),(1018,'Stem/Branch Ornamentation Pseudoparaphyllia Filamentous',2032,2033,NULL,NULL,NULL,0,0,1,'2018-03-06 15:55:46'),(1019,'Stem/Branch Ornamentation Pseudoparaphyllia Foliose',2034,2035,NULL,NULL,NULL,0,0,1,'2018-03-06 15:55:46'),(1020,'Stem/Branch Ornamentation Pseudoparaphyllia Lanceolate',2036,2037,NULL,NULL,NULL,0,0,1,'2018-03-06 15:55:46'),(1021,'Stem/Branch Ornamentation Pseudoparaphyllia Present',2038,2039,NULL,NULL,NULL,0,0,1,'2018-03-06 15:55:46'),(1022,'Stem/Branch/Leaf Ornamentation',2042,2081,NULL,NULL,NULL,NULL,NULL,NULL,'2018-03-06 15:55:46'),(1023,'Stem/Branch/Leaf Ornamentation Rhizoids/Tomentum',2043,2080,NULL,NULL,NULL,NULL,NULL,NULL,'2018-03-06 15:55:46'),(1024,'Stem/Branch/Leaf Ornamentation Rhizoids/Tomentum Brownish',2044,2045,NULL,NULL,NULL,1,1,1,'2018-03-06 15:55:46'),(1025,'Stem/Branch/Leaf Ornamentation Rhizoids/Tomentum Reddish',2046,2047,NULL,NULL,NULL,1,1,1,'2018-03-06 15:55:46'),(1026,'Stem/Branch/Leaf Ornamentation Rhizoids/Tomentum Rhizoid Initials In Longitudinal Rows',2048,2049,NULL,NULL,NULL,0,0,1,'2018-03-06 15:55:46'),(1027,'Stem/Branch/Leaf Ornamentation Rhizoids/Tomentum Rhizoid Initials Not In Rows',2050,2051,NULL,NULL,NULL,0,0,1,'2018-03-06 15:55:46'),(1028,'Stem/Branch/Leaf Ornamentation Rhizoids/Tomentum Rhizoid Surface Papillose',2052,2053,NULL,NULL,NULL,0,0,1,'2018-03-06 15:55:46'),(1029,'Stem/Branch/Leaf Ornamentation Rhizoids/Tomentum Rhizoid Surface Smooth',2054,2055,NULL,NULL,NULL,0,0,1,'2018-03-06 15:55:46'),(1030,'Stem/Branch/Leaf Ornamentation Rhizoids/Tomentum Rhizoids  At Costa Back',2056,2057,NULL,NULL,NULL,0,1,1,'2018-03-06 15:55:46'),(1031,'Stem/Branch/Leaf Ornamentation Rhizoids/Tomentum Rhizoids On Leaf Tips',2058,2059,NULL,NULL,NULL,0,1,1,'2018-03-06 15:55:46'),(1032,'Stem/Branch/Leaf Ornamentation Rhizoids/Tomentum Rhizoids Present',2060,2061,NULL,NULL,NULL,1,1,1,'2018-03-06 15:55:46'),(1033,'Stem/Branch/Leaf Ornamentation Rhizoids/Tomentum Rusty-Brown',2062,2063,NULL,NULL,NULL,1,1,1,'2018-03-06 15:55:46'),(1034,'Stem/Branch/Leaf Ornamentation Rhizoids/Tomentum Stem Rhizoids Axillary',2064,2065,NULL,NULL,NULL,0,1,1,'2018-03-06 15:55:46'),(1035,'Stem/Branch/Leaf Ornamentation Rhizoids/Tomentum Stem Rhizoids Below Leaf Insertions',2066,2067,NULL,NULL,NULL,0,0,1,'2018-03-06 15:55:46'),(1036,'Stem/Branch/Leaf Ornamentation Rhizoids/Tomentum Tomentose Near Leaf Base',2068,2069,NULL,NULL,NULL,1,1,1,'2018-03-06 15:55:46'),(1037,'Stem/Branch/Leaf Ornamentation Rhizoids/Tomentum Tomentum Dense',2070,2071,NULL,NULL,NULL,1,1,1,'2018-03-06 15:55:46'),(1038,'Stem/Branch/Leaf Ornamentation Rhizoids/Tomentum Tomentum Near Leaf Apex',2072,2073,NULL,NULL,NULL,1,1,1,'2018-03-06 15:55:46'),(1039,'Stem/Branch/Leaf Ornamentation Rhizoids/Tomentum Tomentum Present',2074,2075,NULL,NULL,NULL,1,1,1,'2018-03-06 15:55:46'),(1040,'Stem/Branch/Leaf Ornamentation Rhizoids/Tomentum White',2076,2077,NULL,NULL,NULL,1,1,1,'2018-03-06 15:55:46'),(1041,'Stem/Branch/Leaf Ornamentation Rhizoids/Tomentum White-Woolly',2078,2079,NULL,NULL,NULL,1,1,1,'2018-03-06 15:55:46'),(1042,'Substrate',2082,2143,NULL,NULL,NULL,NULL,NULL,NULL,'2018-03-06 15:55:46'),(1043,'Substrate Rich Organic',2083,2094,NULL,NULL,NULL,NULL,NULL,NULL,'2018-03-06 15:55:46'),(1044,'Substrate Rich Organic Animal Remains',2084,2085,NULL,NULL,NULL,1,0,0,'2018-03-06 15:55:46'),(1045,'Substrate Rich Organic Dung',2086,2087,NULL,NULL,NULL,1,0,0,'2018-03-06 15:55:46'),(1046,'Substrate Rich Organic Forest Litter',2088,2089,NULL,NULL,NULL,1,0,0,'2018-03-06 15:55:46'),(1047,'Substrate Rich Organic High N',2090,2091,NULL,NULL,NULL,1,0,0,'2018-03-06 15:55:46'),(1048,'Substrate Rich Organic Humic Soil',2092,2093,NULL,NULL,NULL,1,0,0,'2018-03-06 15:55:46'),(1049,'Substrate Rock',2095,2104,NULL,NULL,NULL,NULL,NULL,NULL,'2018-03-06 15:55:46'),(1050,'Substrate Rock Calcium Rich',2096,2097,NULL,NULL,NULL,1,0,0,'2018-03-06 15:55:46'),(1051,'Substrate Rock Clear Quartz Crystals',2098,2099,NULL,NULL,NULL,1,0,0,'2018-03-06 15:55:46'),(1052,'Substrate Rock Limestone',2100,2101,NULL,NULL,NULL,1,0,0,'2018-03-06 15:55:46'),(1053,'Substrate Rock On Rock',2102,2103,NULL,NULL,NULL,1,0,0,'2018-03-06 15:55:46'),(1054,'Substrate Soil',2105,2116,NULL,NULL,NULL,NULL,NULL,NULL,'2018-03-06 15:55:46'),(1055,'Substrate Soil Bare',2106,2107,NULL,NULL,NULL,1,0,0,'2018-03-06 15:55:46'),(1056,'Substrate Soil Mineral',2108,2109,NULL,NULL,NULL,1,0,0,'2018-03-06 15:55:46'),(1057,'Substrate Soil Nutrient Rich',2110,2111,NULL,NULL,NULL,1,0,0,'2018-03-06 15:55:46'),(1058,'Substrate Soil On Soil',2112,2113,NULL,NULL,NULL,1,0,0,'2018-03-06 15:55:46'),(1059,'Substrate Soil Rock Edge',2114,2115,NULL,NULL,NULL,1,0,0,'2018-03-06 15:55:46'),(1060,'Substrate Unique Geology',2117,2128,NULL,NULL,NULL,NULL,NULL,NULL,'2018-03-06 15:55:46'),(1061,'Substrate Unique Geology Calcium Rich',2118,2119,NULL,NULL,NULL,1,0,0,'2018-03-06 15:55:46'),(1062,'Substrate Unique Geology Copper Rich',2120,2121,NULL,NULL,NULL,1,0,0,'2018-03-06 15:55:46'),(1063,'Substrate Unique Geology Copper-Sulfate Rich',2122,2123,NULL,NULL,NULL,1,0,0,'2018-03-06 15:55:46'),(1064,'Substrate Unique Geology Limestone',2124,2125,NULL,NULL,NULL,0,0,0,'2018-03-06 15:55:46'),(1065,'Substrate Unique Geology Serpentine',2126,2127,NULL,NULL,NULL,1,0,0,'2018-03-06 15:55:46'),(1066,'Substrate Wood',2129,2142,NULL,NULL,NULL,NULL,NULL,NULL,'2018-03-06 15:55:46'),(1067,'Substrate Wood Bark',2130,2131,NULL,NULL,NULL,1,0,0,'2018-03-06 15:55:46'),(1068,'Substrate Wood Branch',2132,2133,NULL,NULL,NULL,1,0,0,'2018-03-06 15:55:46'),(1069,'Substrate Wood Downed Material',2134,2135,NULL,NULL,NULL,0,0,0,'2018-03-06 15:55:46'),(1070,'Substrate Wood On Wood',2136,2137,NULL,NULL,NULL,1,0,0,'2018-03-06 15:55:46'),(1071,'Substrate Wood Trunk',2138,2139,NULL,NULL,NULL,1,0,0,'2018-03-06 15:55:46'),(1072,'Substrate Wood Twig',2140,2141,NULL,NULL,NULL,1,0,0,'2018-03-06 15:55:46');
/*!40000 ALTER TABLE `KeyCharacter` ENABLE KEYS */;
UNLOCK TABLES;

--
-- Table structure for table `Map`
--

DROP TABLE IF EXISTS `Map`;
/*!40101 SET @saved_cs_client     = @@character_set_client */;
/*!40101 SET character_set_client = utf8 */;
CREATE TABLE `Map` (
  `id` int(11) NOT NULL AUTO_INCREMENT,
  `TaxaId` int(11) DEFAULT NULL,
  `KeyCharacterId` int(11) DEFAULT NULL,
  `TimeStamp` datetime DEFAULT CURRENT_TIMESTAMP ON UPDATE CURRENT_TIMESTAMP,
  PRIMARY KEY (`id`),
  KEY `taxaid_idx` (`TaxaId`),
  KEY `keycharacterid_idx` (`KeyCharacterId`),
  CONSTRAINT `keycharacterid` FOREIGN KEY (`KeyCharacterId`) REFERENCES `KeyCharacter` (`id`) ON DELETE NO ACTION ON UPDATE NO ACTION,
  CONSTRAINT `taxaid` FOREIGN KEY (`TaxaId`) REFERENCES `Taxa` (`id`) ON DELETE NO ACTION ON UPDATE NO ACTION
) ENGINE=InnoDB AUTO_INCREMENT=261 DEFAULT CHARSET=latin1;
/*!40101 SET character_set_client = @saved_cs_client */;

--
-- Dumping data for table `Map`
--

LOCK TABLES `Map` WRITE;
/*!40000 ALTER TABLE `Map` DISABLE KEYS */;
INSERT INTO `Map` VALUES (6,10,234,'2018-03-06 15:56:21'),(7,11,234,'2018-03-06 15:56:21'),(8,12,234,'2018-03-06 15:56:21'),(9,14,234,'2018-03-06 15:56:21'),(10,15,234,'2018-03-06 15:56:21'),(11,33,907,'2018-03-06 15:56:21'),(12,34,907,'2018-03-06 15:56:21'),(13,41,234,'2018-03-06 15:56:21'),(14,42,234,'2018-03-06 15:56:21'),(15,44,234,'2018-03-06 15:56:21'),(16,45,234,'2018-03-06 15:56:21'),(17,49,234,'2018-03-06 15:56:21'),(18,55,234,'2018-03-06 15:56:21'),(19,56,234,'2018-03-06 15:56:21'),(20,57,234,'2018-03-06 15:56:21'),(21,58,234,'2018-03-06 15:56:21'),(22,81,234,'2018-03-06 15:56:21'),(23,82,234,'2018-03-06 15:56:21'),(24,86,234,'2018-03-06 15:56:21'),(25,95,234,'2018-03-06 15:56:21'),(26,96,234,'2018-03-06 15:56:21'),(27,98,234,'2018-03-06 15:56:21'),(28,99,234,'2018-03-06 15:56:21'),(29,100,234,'2018-03-06 15:56:21'),(30,100,258,'2018-03-06 15:56:21'),(31,101,234,'2018-03-06 15:56:21'),(32,102,234,'2018-03-06 15:56:21'),(33,105,234,'2018-03-06 15:56:21'),(34,108,234,'2018-03-06 15:56:21'),(35,109,234,'2018-03-06 15:56:21'),(36,118,234,'2018-03-06 15:56:21'),(37,119,234,'2018-03-06 15:56:21'),(38,123,234,'2018-03-06 15:56:21'),(39,129,907,'2018-03-06 15:56:21'),(40,138,234,'2018-03-06 15:56:21'),(41,139,234,'2018-03-06 15:56:21'),(42,140,234,'2018-03-06 15:56:21'),(43,141,234,'2018-03-06 15:56:21'),(44,148,234,'2018-03-06 15:56:21'),(45,149,234,'2018-03-06 15:56:21'),(46,150,234,'2018-03-06 15:56:21'),(47,153,374,'2018-03-06 15:56:21'),(48,153,375,'2018-03-06 15:56:21'),(49,154,374,'2018-03-06 15:56:21'),(50,155,374,'2018-03-06 15:56:21'),(51,159,234,'2018-03-06 15:56:21'),(52,162,234,'2018-03-06 15:56:21'),(53,163,234,'2018-03-06 15:56:21'),(54,164,234,'2018-03-06 15:56:21'),(55,229,234,'2018-03-06 15:56:21'),(56,233,234,'2018-03-06 15:56:21'),(57,239,234,'2018-03-06 15:56:21'),(58,242,234,'2018-03-06 15:56:21'),(59,243,234,'2018-03-06 15:56:21'),(60,249,234,'2018-03-06 15:56:21'),(61,250,234,'2018-03-06 15:56:21'),(62,251,234,'2018-03-06 15:56:21'),(63,252,234,'2018-03-06 15:56:21'),(64,255,234,'2018-03-06 15:56:21'),(65,256,234,'2018-03-06 15:56:21'),(66,264,234,'2018-03-06 15:56:21'),(67,265,234,'2018-03-06 15:56:21'),(68,266,234,'2018-03-06 15:56:21'),(69,275,234,'2018-03-06 15:56:21'),(70,281,234,'2018-03-06 15:56:21'),(71,282,234,'2018-03-06 15:56:21'),(72,285,234,'2018-03-06 15:56:21'),(73,286,234,'2018-03-06 15:56:21'),(74,289,234,'2018-03-06 15:56:21'),(75,293,234,'2018-03-06 15:56:21'),(76,294,234,'2018-03-06 15:56:21'),(77,295,234,'2018-03-06 15:56:21'),(78,296,234,'2018-03-06 15:56:21'),(79,300,234,'2018-03-06 15:56:21'),(80,301,234,'2018-03-06 15:56:21'),(81,302,234,'2018-03-06 15:56:21'),(82,303,234,'2018-03-06 15:56:21'),(83,304,234,'2018-03-06 15:56:21'),(84,307,258,'2018-03-06 15:56:21'),(85,308,258,'2018-03-06 15:56:21'),(86,310,234,'2018-03-06 15:56:21'),(87,311,234,'2018-03-06 15:56:21'),(88,312,234,'2018-03-06 15:56:21'),(89,313,234,'2018-03-06 15:56:21'),(90,314,234,'2018-03-06 15:56:21'),(91,317,234,'2018-03-06 15:56:21'),(92,318,234,'2018-03-06 15:56:21'),(93,322,234,'2018-03-06 15:56:21'),(94,323,234,'2018-03-06 15:56:21'),(95,324,234,'2018-03-06 15:56:21'),(96,326,234,'2018-03-06 15:56:21'),(97,326,905,'2018-03-06 15:56:21'),(98,326,906,'2018-03-06 15:56:21'),(99,326,907,'2018-03-06 15:56:21'),(100,327,234,'2018-03-06 15:56:21'),(101,327,905,'2018-03-06 15:56:21'),(102,327,906,'2018-03-06 15:56:21'),(103,327,907,'2018-03-06 15:56:21'),(104,333,234,'2018-03-06 15:56:21'),(105,334,234,'2018-03-06 15:56:21'),(106,339,234,'2018-03-06 15:56:21'),(107,340,234,'2018-03-06 15:56:21'),(108,341,905,'2018-03-06 15:56:21'),(109,341,906,'2018-03-06 15:56:21'),(110,341,907,'2018-03-06 15:56:21'),(111,342,905,'2018-03-06 15:56:21'),(112,342,906,'2018-03-06 15:56:21'),(113,342,907,'2018-03-06 15:56:21'),(114,343,234,'2018-03-06 15:56:21'),(115,426,234,'2018-03-06 15:56:21'),(116,427,234,'2018-03-06 15:56:21'),(117,429,234,'2018-03-06 15:56:21'),(118,438,234,'2018-03-06 15:56:21'),(119,439,234,'2018-03-06 15:56:21'),(120,447,234,'2018-03-06 15:56:21'),(121,448,234,'2018-03-06 15:56:21'),(122,452,234,'2018-03-06 15:56:21'),(123,452,258,'2018-03-06 15:56:21'),(124,453,234,'2018-03-06 15:56:21'),(125,453,258,'2018-03-06 15:56:21'),(126,460,234,'2018-03-06 15:56:21'),(127,461,234,'2018-03-06 15:56:21'),(128,470,234,'2018-03-06 15:56:21'),(129,471,234,'2018-03-06 15:56:21'),(130,474,234,'2018-03-06 15:56:21'),(131,475,234,'2018-03-06 15:56:21'),(132,476,234,'2018-03-06 15:56:21'),(133,477,234,'2018-03-06 15:56:21'),(134,478,234,'2018-03-06 15:56:21'),(135,493,234,'2018-03-06 15:56:21'),(136,494,234,'2018-03-06 15:56:21'),(137,495,234,'2018-03-06 15:56:21'),(138,508,905,'2018-03-06 15:56:21'),(139,508,906,'2018-03-06 15:56:21'),(140,509,905,'2018-03-06 15:56:21'),(141,509,906,'2018-03-06 15:56:21'),(142,510,234,'2018-03-06 15:56:21'),(143,511,234,'2018-03-06 15:56:21'),(144,514,234,'2018-03-06 15:56:21'),(145,515,234,'2018-03-06 15:56:21'),(146,516,234,'2018-03-06 15:56:21'),(147,519,234,'2018-03-06 15:56:21'),(148,519,905,'2018-03-06 15:56:21'),(149,519,906,'2018-03-06 15:56:21'),(150,519,907,'2018-03-06 15:56:21'),(151,520,234,'2018-03-06 15:56:21'),(152,520,905,'2018-03-06 15:56:21'),(153,520,906,'2018-03-06 15:56:21'),(154,520,907,'2018-03-06 15:56:21'),(155,524,234,'2018-03-06 15:56:21'),(156,538,234,'2018-03-06 15:56:21'),(157,539,234,'2018-03-06 15:56:21'),(158,540,234,'2018-03-06 15:56:21'),(159,555,234,'2018-03-06 15:56:21'),(160,560,234,'2018-03-06 15:56:21'),(161,561,907,'2018-03-06 15:56:21'),(162,563,234,'2018-03-06 15:56:21'),(163,564,234,'2018-03-06 15:56:21'),(164,581,234,'2018-03-06 15:56:21'),(165,583,234,'2018-03-06 15:56:21'),(166,584,234,'2018-03-06 15:56:21'),(167,585,234,'2018-03-06 15:56:21'),(168,586,234,'2018-03-06 15:56:21');
/*!40000 ALTER TABLE `Map` ENABLE KEYS */;
UNLOCK TABLES;

--
-- Table structure for table `URL`
--

DROP TABLE IF EXISTS `URL`;
/*!40101 SET @saved_cs_client     = @@character_set_client */;
/*!40101 SET character_set_client = utf8 */;
CREATE TABLE `URL` (
  `id` int(11) NOT NULL AUTO_INCREMENT,
  `Name` varchar(256) DEFAULT NULL,
  `AltText` varchar(256) DEFAULT NULL,
  `Description` varchar(1024) DEFAULT NULL,
  `Type` enum('image','other') NOT NULL,
  `TimeStamp` datetime DEFAULT CURRENT_TIMESTAMP ON UPDATE CURRENT_TIMESTAMP,
  PRIMARY KEY (`id`),
  UNIQUE KEY `idURL_UNIQUE` (`id`)
) ENGINE=InnoDB AUTO_INCREMENT=327 DEFAULT CHARSET=latin1;
/*!40101 SET character_set_client = @saved_cs_client */;

--
-- Dumping data for table `URL`
--

LOCK TABLES `URL` WRITE;
/*!40000 ALTER TABLE `URL` DISABLE KEYS */;
INSERT INTO `URL` VALUES (1,'http://www.efloras.org/florataxon.aspx?flora_id=1&taxon_id=200000987',NULL,NULL,'other','2017-03-05 14:43:32'),(2,'http://www.efloras.org/florataxon.aspx?flora_id=1&taxon_id=250099223',NULL,NULL,'other','2018-03-08 12:56:05');
/*!40000 ALTER TABLE `URL` ENABLE KEYS */;
UNLOCK TABLES;

--
-- Table structure for table `taxa`
--

DROP TABLE IF EXISTS `taxa`;
/*!40101 SET @saved_cs_client     = @@character_set_client */;
/*!40101 SET character_set_client = utf8 */;
CREATE TABLE `taxa` (
  `id` int(11) NOT NULL AUTO_INCREMENT,
  `Name` varchar(45) NOT NULL,
  `description` varchar(16384) DEFAULT NULL,
  `URLId` int(11) DEFAULT NULL,
  `AuthorityId` int(11) DEFAULT NULL,
  `TimeStamp` datetime DEFAULT CURRENT_TIMESTAMP ON UPDATE CURRENT_TIMESTAMP,
  PRIMARY KEY (`id`),
  KEY `url_idx` (`URLId`),
  KEY `authority_idx` (`AuthorityId`),
  CONSTRAINT `authority_taxa` FOREIGN KEY (`AuthorityId`) REFERENCES `Authority` (`id`) ON DELETE NO ACTION ON UPDATE NO ACTION,
  CONSTRAINT `url_taxa` FOREIGN KEY (`URLId`) REFERENCES `URL` (`id`) ON DELETE NO ACTION ON UPDATE NO ACTION
) ENGINE=InnoDB AUTO_INCREMENT=588 DEFAULT CHARSET=latin1;
/*!40101 SET character_set_client = @saved_cs_client */;

--
-- Dumping data for table `taxa`
--

LOCK TABLES `taxa` WRITE;
/*!40000 ALTER TABLE `taxa` DISABLE KEYS */;
INSERT INTO `taxa` VALUES (1,'Abietinella abietina',NULL,NULL,NULL,'2018-03-06 15:56:06'),(2,'Abietinella',NULL,NULL,NULL,'2018-03-06 15:56:06'),(3,'Acaulon',NULL,NULL,NULL,'2018-03-06 15:56:06'),(4,'Acroporium smallii',NULL,NULL,NULL,'2018-03-06 15:56:06'),(5,'Acroporium',NULL,NULL,NULL,'2018-03-06 15:56:06'),(6,'Aloina',NULL,NULL,NULL,'2018-03-06 15:56:06'),(7,'Alsia californica',NULL,NULL,NULL,'2018-03-06 15:56:06'),(8,'Alsia',NULL,NULL,NULL,'2018-03-06 15:56:06'),(9,'Amblyodon',NULL,NULL,NULL,'2018-03-06 15:56:06'),(10,'Amblystegium serpens',NULL,NULL,NULL,'2018-03-06 15:56:06'),(11,'Amblystegium',NULL,NULL,NULL,'2018-03-06 15:56:06'),(12,'Amblystegium varium',NULL,NULL,NULL,'2018-03-06 15:56:06'),(13,'Amphidium',NULL,NULL,NULL,'2018-03-06 15:56:06'),(14,'Anacamptodon splachnoides',NULL,NULL,NULL,'2018-03-06 15:56:06'),(15,'Anacamptodon',NULL,NULL,NULL,'2018-03-06 15:56:06'),(16,'Anacolia',NULL,NULL,NULL,'2018-03-06 15:56:06'),(17,'Andreaea',NULL,NULL,NULL,'2018-03-06 15:56:06'),(18,'Andreaeobryum',NULL,NULL,NULL,'2018-03-06 15:56:06'),(19,'Anoectangium',NULL,NULL,NULL,'2018-03-06 15:56:06'),(20,'Anomobryum concinnatum',NULL,NULL,NULL,'2018-03-06 15:56:06'),(21,'Anomobryum',NULL,NULL,NULL,'2018-03-06 15:56:06'),(22,'Anomodon julaceum',NULL,NULL,NULL,'2018-03-06 15:56:06'),(23,'Antitrichia californica',NULL,NULL,NULL,'2018-03-06 15:56:06'),(24,'Antitrichia curtipendula',NULL,NULL,NULL,'2018-03-06 15:56:06'),(25,'Antitrichia',NULL,NULL,NULL,'2018-03-06 15:56:06'),(26,'Aongstroemia',NULL,NULL,NULL,'2018-03-06 15:56:06'),(27,'Aphanorrhegma',NULL,NULL,NULL,'2018-03-06 15:56:06'),(28,'Aplodon',NULL,NULL,NULL,'2018-03-06 15:56:06'),(29,'Archidium',NULL,NULL,NULL,'2018-03-06 15:56:06'),(30,'Arctoa',NULL,NULL,NULL,'2018-03-06 15:56:06'),(31,'Aschisma',NULL,NULL,NULL,'2018-03-06 15:56:06'),(32,'Astomum',NULL,NULL,NULL,'2018-03-06 15:56:06'),(33,'Atrichum',NULL,NULL,NULL,'2018-03-06 15:56:06'),(34,'Aulacomnium',NULL,NULL,NULL,'2018-03-06 15:56:06'),(35,'Barbella pendula',NULL,NULL,NULL,'2018-03-06 15:56:06'),(36,'Barbella',NULL,NULL,NULL,'2018-03-06 15:56:06'),(37,'Barbula',NULL,NULL,NULL,'2018-03-06 15:56:06'),(38,'Bartramia',NULL,NULL,NULL,'2018-03-06 15:56:06'),(39,'Bartramidula',NULL,NULL,NULL,'2018-03-06 15:56:06'),(40,'Bartramiopsis',NULL,NULL,NULL,'2018-03-06 15:56:06'),(41,'Bestia longipes',NULL,NULL,NULL,'2018-03-06 15:56:06'),(42,'Bestia',NULL,NULL,NULL,'2018-03-06 15:56:06'),(43,'Blindia',NULL,NULL,NULL,'2018-03-06 15:56:06'),(44,'Brachelyma',NULL,NULL,NULL,'2018-03-06 15:56:06'),(45,'Brachelyma subulatum',NULL,NULL,NULL,'2018-03-06 15:56:06'),(46,'Brachydontium',NULL,NULL,NULL,'2018-03-06 15:56:06'),(47,'Brachymenium',NULL,NULL,NULL,'2018-03-06 15:56:06'),(48,'Brachytheciastrum',NULL,NULL,NULL,'2018-03-06 15:56:06'),(49,'Brachythecium',NULL,NULL,NULL,'2018-03-06 15:56:06'),(50,'Braunia secunda',NULL,NULL,NULL,'2018-03-06 15:56:06'),(51,'Braunia',NULL,NULL,NULL,'2018-03-06 15:56:06'),(52,'Brotherella recurvans',NULL,NULL,NULL,'2018-03-06 15:56:06'),(53,'Brotherella',NULL,NULL,NULL,'2018-03-06 15:56:06'),(54,'Bruchia',NULL,NULL,NULL,'2018-03-06 15:56:06'),(55,'Bryhnia novae-anfliae',NULL,NULL,NULL,'2018-03-06 15:56:06'),(56,'Bryhnia',NULL,NULL,NULL,'2018-03-06 15:56:06'),(57,'Bryoandersonia illecebra',NULL,NULL,NULL,'2018-03-06 15:56:06'),(58,'Bryoandersonia',NULL,NULL,NULL,'2018-03-06 15:56:06'),(59,'Bryobrittonia',NULL,NULL,NULL,'2018-03-06 15:56:06'),(60,'Bryocrumia  vivecolor',NULL,NULL,NULL,'2018-03-06 15:56:06'),(61,'Bryocrumia',NULL,NULL,NULL,'2018-03-06 15:56:06'),(62,'Bryoerythrophyllum',NULL,NULL,NULL,'2018-03-06 15:56:06'),(63,'Bryolawtonia',NULL,NULL,NULL,'2018-03-06 15:56:06'),(64,'Bryolawtonia vancouveriensis',NULL,NULL,NULL,'2018-03-06 15:56:06'),(65,'Bryoxiphium',NULL,NULL,NULL,'2018-03-06 15:56:06'),(66,'Bryum argenteum',NULL,NULL,NULL,'2018-03-06 15:56:06'),(67,'Bryum blindii',NULL,NULL,NULL,'2018-03-06 15:56:06'),(68,'Bryum calobryoides',NULL,NULL,NULL,'2018-03-06 15:56:06'),(69,'Bryum chryseum',NULL,NULL,NULL,'2018-03-06 15:56:06'),(70,'Bryum lanatum',NULL,NULL,NULL,'2018-03-06 15:56:06'),(71,'Bryum muticum',NULL,NULL,NULL,'2018-03-06 15:56:06'),(72,'Bryum',NULL,NULL,NULL,'2018-03-06 15:56:06'),(73,'Bryum veronense',NULL,NULL,NULL,'2018-03-06 15:56:06'),(74,'Buckiella',NULL,NULL,NULL,'2018-03-06 15:56:06'),(75,'Buckiella undulata',NULL,NULL,NULL,'2018-03-06 15:56:06'),(76,'Buxbaumia',NULL,NULL,NULL,'2018-03-06 15:56:06'),(77,'Callicladium haldanianum',NULL,NULL,NULL,'2018-03-06 15:56:06'),(78,'Callicladium',NULL,NULL,NULL,'2018-03-06 15:56:06'),(79,'Callicostella pallida',NULL,NULL,NULL,'2018-03-06 15:56:06'),(80,'Callicostella',NULL,NULL,NULL,'2018-03-06 15:56:06'),(81,'Calliergon cordifolium',NULL,NULL,NULL,'2018-03-06 15:56:06'),(82,'Calliergon',NULL,NULL,NULL,'2018-03-06 15:56:06'),(83,'Calliergonella cuspidata',NULL,NULL,NULL,'2018-03-06 15:56:06'),(84,'Calliergonella',NULL,NULL,NULL,'2018-03-06 15:56:06'),(85,'Calymperes',NULL,NULL,NULL,'2018-03-06 15:56:06'),(86,'Campylium',NULL,NULL,NULL,'2018-03-06 15:56:06'),(87,'Campylopodiella',NULL,NULL,NULL,'2018-03-06 15:56:06'),(88,'Campylopus',NULL,NULL,NULL,'2018-03-06 15:56:06'),(89,'Campylostelium',NULL,NULL,NULL,'2018-03-06 15:56:06'),(90,'Catoscopium',NULL,NULL,NULL,'2018-03-06 15:56:06'),(91,'Ceratodon',NULL,NULL,NULL,'2018-03-06 15:56:06'),(92,'Chryso-hypnum diminutivum',NULL,NULL,NULL,'2018-03-06 15:56:06'),(93,'Chryso-hypnum',NULL,NULL,NULL,'2018-03-06 15:56:06'),(94,'Cinclidium',NULL,NULL,NULL,'2018-03-06 15:56:06'),(95,'Cirriphyllum piliferum',NULL,NULL,NULL,'2018-03-06 15:56:06'),(96,'Cirriphyllum',NULL,NULL,NULL,'2018-03-06 15:56:06'),(97,'Claopodium',NULL,NULL,NULL,'2018-03-06 15:56:06'),(98,'Clasmatodon parvulus',NULL,NULL,NULL,'2018-03-06 15:56:06'),(99,'Clasmatodon',NULL,NULL,NULL,'2018-03-06 15:56:06'),(100,'Climacium',NULL,NULL,NULL,'2018-03-06 15:56:06'),(101,'Conardia compacta',NULL,NULL,NULL,'2018-03-06 15:56:06'),(102,'Conardia',NULL,NULL,NULL,'2018-03-06 15:56:06'),(103,'Conostomum',NULL,NULL,NULL,'2018-03-06 15:56:06'),(104,'Coscinodon',NULL,NULL,NULL,'2018-03-06 15:56:06'),(105,'Cratoneuron',NULL,NULL,NULL,'2018-03-06 15:56:06'),(106,'Crossidium',NULL,NULL,NULL,'2018-03-06 15:56:06'),(107,'Crumia',NULL,NULL,NULL,'2018-03-06 15:56:06'),(108,'Cryphaea ravenelii',NULL,NULL,NULL,'2018-03-06 15:56:06'),(109,'Cryphaea',NULL,NULL,NULL,'2018-03-06 15:56:06'),(110,'Ctenidium',NULL,NULL,NULL,'2018-03-06 15:56:06'),(111,'Cyclodictyon',NULL,NULL,NULL,'2018-03-06 15:56:06'),(112,'Cyclodictyon varians',NULL,NULL,NULL,'2018-03-06 15:56:06'),(113,'Cynodontium',NULL,NULL,NULL,'2018-03-06 15:56:06'),(114,'Cyrto-hypnum',NULL,NULL,NULL,'2018-03-06 15:56:06'),(115,'Cyrtomnium',NULL,NULL,NULL,'2018-03-06 15:56:06'),(116,'Dacrophyllium falcifolium',NULL,NULL,NULL,'2018-03-06 15:56:06'),(117,'Dacrophyllium',NULL,NULL,NULL,'2018-03-06 15:56:06'),(118,'Daltonia splachnoides',NULL,NULL,NULL,'2018-03-06 15:56:06'),(119,'Daltonia',NULL,NULL,NULL,'2018-03-06 15:56:06'),(120,'Dendroalsia abietina',NULL,NULL,NULL,'2018-03-06 15:56:06'),(121,'Dendroalsia',NULL,NULL,NULL,'2018-03-06 15:56:06'),(122,'Desmatodon',NULL,NULL,NULL,'2018-03-06 15:56:06'),(123,'Dichelyma',NULL,NULL,NULL,'2018-03-06 15:56:06'),(124,'Dichodontium',NULL,NULL,NULL,'2018-03-06 15:56:06'),(125,'Dicranella',NULL,NULL,NULL,'2018-03-06 15:56:06'),(126,'Dicranodontium',NULL,NULL,NULL,'2018-03-06 15:56:06'),(127,'Dicranoweisia',NULL,NULL,NULL,'2018-03-06 15:56:06'),(128,'Dicranum',NULL,NULL,NULL,'2018-03-06 15:56:06'),(129,'Didymodon',NULL,NULL,NULL,'2018-03-06 15:56:06'),(130,'Diphyscium',NULL,NULL,NULL,'2018-03-06 15:56:06'),(131,'Discelium',NULL,NULL,NULL,'2018-03-06 15:56:06'),(132,'Distichium',NULL,NULL,NULL,'2018-03-06 15:56:06'),(133,'Ditrichum',NULL,NULL,NULL,'2018-03-06 15:56:06'),(134,'Donnellia commutata',NULL,NULL,NULL,'2018-03-06 15:56:06'),(135,'Donnellia',NULL,NULL,NULL,'2018-03-06 15:56:06'),(136,'Donrichardsia macroneuron',NULL,NULL,NULL,'2018-03-06 15:56:06'),(137,'Donrichardsia',NULL,NULL,NULL,'2018-03-06 15:56:06'),(138,'Drepanocladus simplicissimus',NULL,NULL,NULL,'2018-03-06 15:56:06'),(139,'Drepanocladus aduncus',NULL,NULL,NULL,'2018-03-06 15:56:06'),(140,'Drepanocladus polygamus',NULL,NULL,NULL,'2018-03-06 15:56:06'),(141,'Drepanocladus',NULL,NULL,NULL,'2018-03-06 15:56:06'),(142,'Drummondia prorepens',NULL,NULL,NULL,'2018-03-06 15:56:06'),(143,'Drummondia',NULL,NULL,NULL,'2018-03-06 15:56:06'),(144,'Dryptodon',NULL,NULL,NULL,'2018-03-06 15:56:06'),(145,'Eccremidium',NULL,NULL,NULL,'2018-03-06 15:56:06'),(146,'Elodium',NULL,NULL,NULL,'2018-03-06 15:56:06'),(147,'Encalypta',NULL,NULL,NULL,'2018-03-06 15:56:06'),(148,'Entodon',NULL,NULL,NULL,'2018-03-06 15:56:06'),(149,'Entodontopsis leucostega',NULL,NULL,NULL,'2018-03-06 15:56:06'),(150,'Entodontopsis',NULL,NULL,NULL,'2018-03-06 15:56:06'),(151,'Entosthodon',NULL,NULL,NULL,'2018-03-06 15:56:06'),(152,'Ephemerum',NULL,NULL,NULL,'2018-03-06 15:56:06'),(153,'Epipterygium',NULL,NULL,NULL,'2018-03-06 15:56:06'),(154,'Epipterygium tozeri',NULL,NULL,NULL,'2018-03-06 15:56:06'),(155,'Erpodium',NULL,NULL,NULL,'2018-03-06 15:56:06'),(156,'Eucladium',NULL,NULL,NULL,'2018-03-06 15:56:06'),(157,'Eurhynchiastrum pulchellum',NULL,NULL,NULL,'2018-03-06 15:56:06'),(158,'Eurhynchiastrum',NULL,NULL,NULL,'2018-03-06 15:56:06'),(159,'Fabronia',NULL,NULL,NULL,'2018-03-06 15:56:06'),(160,'Fissidens',NULL,NULL,NULL,'2018-03-06 15:56:06'),(161,'Fontinalis',NULL,NULL,NULL,'2018-03-06 15:56:06'),(162,'Forsstroemia producta',NULL,NULL,NULL,'2018-03-06 15:56:06'),(163,'Forsstroemia',NULL,NULL,NULL,'2018-03-06 15:56:06'),(164,'Forsstroemia trichomitra',NULL,NULL,NULL,'2018-03-06 15:56:06'),(165,'Funaria',NULL,NULL,NULL,'2018-03-06 15:56:06'),(166,'Geheebia',NULL,NULL,NULL,'2018-03-06 15:56:06'),(167,'Gemmabryum badium',NULL,NULL,NULL,'2018-03-06 15:56:06'),(168,'Gemmabryum barnesii',NULL,NULL,NULL,'2018-03-06 15:56:06'),(169,'Gemmabryum brassicoides',NULL,NULL,NULL,'2018-03-06 15:56:06'),(170,'Gemmabryum caespiticium',NULL,NULL,NULL,'2018-03-06 15:56:06'),(171,'Gemmabryum californicum',NULL,NULL,NULL,'2018-03-06 15:56:06'),(172,'Gemmabryum demaretianum',NULL,NULL,NULL,'2018-03-06 15:56:06'),(173,'Gemmabryum dichotomum',NULL,NULL,NULL,'2018-03-06 15:56:06'),(174,'Gemmabryum gemmiferum',NULL,NULL,NULL,'2018-03-06 15:56:06'),(175,'Gemmabryum gemmilucens',NULL,NULL,NULL,'2018-03-06 15:56:06'),(176,'Gemmabryum klinggraeffii',NULL,NULL,NULL,'2018-03-06 15:56:06'),(177,'Gemmabryum kunzei',NULL,NULL,NULL,'2018-03-06 15:56:06'),(178,'Gemmabryum radiculosum',NULL,NULL,NULL,'2018-03-06 15:56:06'),(179,'Gemmabryum subapiculatum',NULL,NULL,NULL,'2018-03-06 15:56:06'),(180,'Gemmabryum tablemontensis',NULL,NULL,NULL,'2018-03-06 15:56:06'),(181,'Gemmabryum tehamense',NULL,NULL,NULL,'2018-03-06 15:56:06'),(182,'Gemmabryum tenuisetum',NULL,NULL,NULL,'2018-03-06 15:56:06'),(183,'Gemmabryum valparaisense',NULL,NULL,NULL,'2018-03-06 15:56:06'),(184,'Gemmabryum vinosum',NULL,NULL,NULL,'2018-03-06 15:56:06'),(185,'Gemmabryum violaceum',NULL,NULL,NULL,'2018-03-06 15:56:06'),(186,'Globulinella',NULL,NULL,NULL,'2018-03-06 15:56:06'),(187,'Gollania turgens',NULL,NULL,NULL,'2018-03-06 15:56:06'),(188,'Gollania',NULL,NULL,NULL,'2018-03-06 15:56:06'),(189,'Grimmia alpestris',NULL,NULL,NULL,'2018-03-06 15:56:06'),(190,'Grimmia americana',NULL,NULL,NULL,'2018-03-06 15:56:06'),(191,'Grimmia anodon',NULL,NULL,NULL,'2018-03-06 15:56:06'),(192,'Grimmia anomala',NULL,NULL,NULL,'2018-03-06 15:56:06'),(193,'Grimmia arizonae',NULL,NULL,NULL,'2018-03-06 15:56:06'),(194,'Grimmia atrata',NULL,NULL,NULL,'2018-03-06 15:56:06'),(195,'Grimmia attenuata',NULL,NULL,NULL,'2018-03-06 15:56:06'),(196,'Grimmia caespiticia',NULL,NULL,NULL,'2018-03-06 15:56:06'),(197,'Grimmia donniana',NULL,NULL,NULL,'2018-03-06 15:56:06'),(198,'Grimmia elatior',NULL,NULL,NULL,'2018-03-06 15:56:06'),(199,'Grimmia elongata',NULL,NULL,NULL,'2018-03-06 15:56:06'),(200,'Grimmia funalis',NULL,NULL,NULL,'2018-03-06 15:56:06'),(201,'Grimmia hamulosa',NULL,NULL,NULL,'2018-03-06 15:56:06'),(202,'Grimmia hartmanii',NULL,NULL,NULL,'2018-03-06 15:56:06'),(203,'Grimmia incurva',NULL,NULL,NULL,'2018-03-06 15:56:06'),(204,'Grimmia laevigata',NULL,NULL,NULL,'2018-03-06 15:56:06'),(205,'Grimmia leibergii',NULL,NULL,NULL,'2018-03-06 15:56:06'),(206,'Grimmia lisae',NULL,NULL,NULL,'2018-03-06 15:56:06'),(207,'Grimmia longirostris',NULL,NULL,NULL,'2018-03-06 15:56:06'),(208,'Grimmia mariniana',NULL,NULL,NULL,'2018-03-06 15:56:06'),(209,'Grimmia milleri',NULL,NULL,NULL,'2018-03-06 15:56:06'),(210,'Grimmia montana',NULL,NULL,NULL,'2018-03-06 15:56:06'),(211,'Grimmia moxleyi',NULL,NULL,NULL,'2018-03-06 15:56:06'),(212,'Grimmia muehlenbeckii',NULL,NULL,NULL,'2018-03-06 15:56:06'),(213,'Grimmia nevadensis',NULL,NULL,NULL,'2018-03-06 15:56:06'),(214,'Grimmia olneyi',NULL,NULL,NULL,'2018-03-06 15:56:06'),(215,'Grimmia orbicularis',NULL,NULL,NULL,'2018-03-06 15:56:06'),(216,'Grimmia ovalis',NULL,NULL,NULL,'2018-03-06 15:56:06'),(217,'Grimmia pilifera',NULL,NULL,NULL,'2018-03-06 15:56:06'),(218,'Grimmia plagiopodia',NULL,NULL,NULL,'2018-03-06 15:56:06'),(219,'Grimmia poecilostoma',NULL,NULL,NULL,'2018-03-06 15:56:06'),(220,'Grimmia pulvinata',NULL,NULL,NULL,'2018-03-06 15:56:06'),(221,'Grimmia ramondii',NULL,NULL,NULL,'2018-03-06 15:56:06'),(222,'Grimmia serrana',NULL,NULL,NULL,'2018-03-06 15:56:06'),(223,'Grimmia sessitana',NULL,NULL,NULL,'2018-03-06 15:56:06'),(224,'Grimmia',NULL,NULL,NULL,'2018-03-06 15:56:06'),(225,'Grimmia torenii',NULL,NULL,NULL,'2018-03-06 15:56:06'),(226,'Grimmia torquata',NULL,NULL,NULL,'2018-03-06 15:56:06'),(227,'Grimmia trichophylla',NULL,NULL,NULL,'2018-03-06 15:56:06'),(228,'Grimmia unicolor',NULL,NULL,NULL,'2018-03-06 15:56:06'),(229,'Groutiella',NULL,NULL,NULL,'2018-03-06 15:56:06'),(230,'Gymnostomiella',NULL,NULL,NULL,'2018-03-06 15:56:06'),(231,'Gymnostomum',NULL,NULL,NULL,'2018-03-06 15:56:06'),(232,'Gyroweisia',NULL,NULL,NULL,'2018-03-06 15:56:06'),(233,'Hamatocaulis',NULL,NULL,NULL,'2018-03-06 15:56:06'),(234,'Haplocladium',NULL,NULL,NULL,'2018-03-06 15:56:06'),(235,'Haplohymenium triste',NULL,NULL,NULL,'2018-03-06 15:56:06'),(236,'Haplohymenium',NULL,NULL,NULL,'2018-03-06 15:56:06'),(237,'Hedwigia ciliata',NULL,NULL,NULL,'2018-03-06 15:56:06'),(238,'Hedwigia',NULL,NULL,NULL,'2018-03-06 15:56:06'),(239,'Helodium',NULL,NULL,NULL,'2018-03-06 15:56:06'),(240,'Henicodium',NULL,NULL,NULL,'2018-03-06 15:56:06'),(241,'Hennediella',NULL,NULL,NULL,'2018-03-06 15:56:06'),(242,'Herpetineuron',NULL,NULL,NULL,'2018-03-06 15:56:06'),(243,'Herpetineuron toccae',NULL,NULL,NULL,'2018-03-06 15:56:06'),(244,'Herzogiella adscendens',NULL,NULL,NULL,'2018-03-06 15:56:06'),(245,'Herzogiella seligeri',NULL,NULL,NULL,'2018-03-06 15:56:06'),(246,'Herzogiella',NULL,NULL,NULL,'2018-03-06 15:56:06'),(247,'Herzogiella striatella',NULL,NULL,NULL,'2018-03-06 15:56:06'),(248,'Herzogiella turfacea',NULL,NULL,NULL,'2018-03-06 15:56:06'),(249,'Heterocladium dimorphum',NULL,NULL,NULL,'2018-03-06 15:56:06'),(250,'Heterocladium macounii',NULL,NULL,NULL,'2018-03-06 15:56:06'),(251,'Heterocladium procurrens',NULL,NULL,NULL,'2018-03-06 15:56:06'),(252,'Heterocladium',NULL,NULL,NULL,'2018-03-06 15:56:06'),(253,'Heterophyllium',NULL,NULL,NULL,'2018-03-06 15:56:06'),(254,'Heterophyllum affine',NULL,NULL,NULL,'2018-03-06 15:56:06'),(255,'Homalia',NULL,NULL,NULL,'2018-03-06 15:56:06'),(256,'Homalia trichomanoides',NULL,NULL,NULL,'2018-03-06 15:56:06'),(257,'Homaliadelphus sharpii',NULL,NULL,NULL,'2018-03-06 15:56:06'),(258,'Homaliadelphus',NULL,NULL,NULL,'2018-03-06 15:56:06'),(259,'Homalotheciella',NULL,NULL,NULL,'2018-03-06 15:56:06'),(260,'Homalotheciella subcapillata',NULL,NULL,NULL,'2018-03-06 15:56:06'),(261,'Homalothecium',NULL,NULL,NULL,'2018-03-06 15:56:06'),(262,'Homomallium',NULL,NULL,NULL,'2018-03-06 15:56:06'),(263,'Hookeria',NULL,NULL,NULL,'2018-03-06 15:56:06'),(264,'Hygohypnum',NULL,NULL,NULL,'2018-03-06 15:56:06'),(265,'Hygroamblystegium',NULL,NULL,NULL,'2018-03-06 15:56:06'),(266,'Hygroamblystegium tenax',NULL,NULL,NULL,'2018-03-06 15:56:06'),(267,'Hylocomiastrum umbratum',NULL,NULL,NULL,'2018-03-06 15:56:06'),(268,'Hylocomiastrum pyrenaicum',NULL,NULL,NULL,'2018-03-06 15:56:06'),(269,'Hylocomiastrum',NULL,NULL,NULL,'2018-03-06 15:56:06'),(270,'Hylocomium',NULL,NULL,NULL,'2018-03-06 15:56:06'),(271,'Hylocomium splendens',NULL,NULL,NULL,'2018-03-06 15:56:06'),(272,'Hymenostylium',NULL,NULL,NULL,'2018-03-06 15:56:06'),(273,'Hyophila',NULL,NULL,NULL,'2018-03-06 15:56:06'),(274,'Hypnum',NULL,NULL,NULL,'2018-03-06 15:56:06'),(275,'Hypopterygium',NULL,NULL,NULL,'2018-03-06 15:56:06'),(276,'Indusiella',NULL,NULL,NULL,'2018-03-06 15:56:06'),(277,'Isopterygiopsis muelleriana',NULL,NULL,NULL,'2018-03-06 15:56:06'),(278,'Isopterygiopsis',NULL,NULL,NULL,'2018-03-06 15:56:06'),(279,'Isopterygium',NULL,NULL,NULL,'2018-03-06 15:56:06'),(280,'Isopterygium tenerum',NULL,NULL,NULL,'2018-03-06 15:56:06'),(281,'Isothecium myosuroides',NULL,NULL,NULL,'2018-03-06 15:56:06'),(282,'Isothecium',NULL,NULL,NULL,'2018-03-06 15:56:06'),(283,'Iwatsukiella leucotricha',NULL,NULL,NULL,'2018-03-06 15:56:06'),(284,'Iwatsukiella',NULL,NULL,NULL,'2018-03-06 15:56:06'),(285,'Jaegerina scariosa',NULL,NULL,NULL,'2018-03-06 15:56:06'),(286,'Jaegerina',NULL,NULL,NULL,'2018-03-06 15:56:06'),(287,'Jaffueliobryum',NULL,NULL,NULL,'2018-03-06 15:56:06'),(288,'Kiaeria',NULL,NULL,NULL,'2018-03-06 15:56:06'),(289,'Kindbergia',NULL,NULL,NULL,'2018-03-06 15:56:06'),(290,'Lepidopilum polytrichoides',NULL,NULL,NULL,'2018-03-06 15:56:06'),(291,'Lepidopilum',NULL,NULL,NULL,'2018-03-06 15:56:06'),(292,'Leptobryum',NULL,NULL,NULL,'2018-03-06 15:56:06'),(293,'Leptodictyum riparium',NULL,NULL,NULL,'2018-03-06 15:56:06'),(294,'Leptodictyum',NULL,NULL,NULL,'2018-03-06 15:56:06'),(295,'Leptodon smithii',NULL,NULL,NULL,'2018-03-06 15:56:06'),(296,'Leptodon',NULL,NULL,NULL,'2018-03-06 15:56:06'),(297,'Leptodontium',NULL,NULL,NULL,'2018-03-06 15:56:06'),(298,'Leptohymenium sharpii',NULL,NULL,NULL,'2018-03-06 15:56:06'),(299,'Leptohymenium',NULL,NULL,NULL,'2018-03-06 15:56:06'),(300,'Leptopterigynandrum',NULL,NULL,NULL,'2018-03-06 15:56:06'),(301,'Lescuraea',NULL,NULL,NULL,'2018-03-06 15:56:06'),(302,'Leskea',NULL,NULL,NULL,'2018-03-06 15:56:06'),(303,'Leskeella nervosa',NULL,NULL,NULL,'2018-03-06 15:56:06'),(304,'Leskeella',NULL,NULL,NULL,'2018-03-06 15:56:06'),(305,'Leucobryum',NULL,NULL,NULL,'2018-03-06 15:56:06'),(306,'Leucodon',NULL,NULL,NULL,'2018-03-06 15:56:06'),(307,'Leucolepis acanthoneura',NULL,NULL,NULL,'2018-03-06 15:56:06'),(308,'Leucolepis',NULL,NULL,NULL,'2018-03-06 15:56:06'),(309,'Limbella fryei',NULL,NULL,NULL,'2018-03-06 15:56:06'),(310,'Limbella',NULL,NULL,NULL,'2018-03-06 15:56:06'),(311,'Limprichtia',NULL,NULL,NULL,'2018-03-06 15:56:06'),(312,'Lindbergia mexicana',NULL,NULL,NULL,'2018-03-06 15:56:06'),(313,'Lindbergia brachyptera',NULL,NULL,NULL,'2018-03-06 15:56:06'),(314,'Lindbergia',NULL,NULL,NULL,'2018-03-06 15:56:06'),(315,'Loeskeobryum brevirostre',NULL,NULL,NULL,'2018-03-06 15:56:06'),(316,'Loeskeobryum',NULL,NULL,NULL,'2018-03-06 15:56:06'),(317,'Loeskypnum',NULL,NULL,NULL,'2018-03-06 15:56:06'),(318,'Loeskypnum badium',NULL,NULL,NULL,'2018-03-06 15:56:06'),(319,'Lorentziella',NULL,NULL,NULL,'2018-03-06 15:56:06'),(320,'Luisierella',NULL,NULL,NULL,'2018-03-06 15:56:06'),(321,'Lyellia',NULL,NULL,NULL,'2018-03-06 15:56:06'),(322,'Macrocoma',NULL,NULL,NULL,'2018-03-06 15:56:06'),(323,'Macromitrium richardii',NULL,NULL,NULL,'2018-03-06 15:56:06'),(324,'Macromitrium',NULL,NULL,NULL,'2018-03-06 15:56:06'),(325,'Meesia',NULL,NULL,NULL,'2018-03-06 15:56:06'),(326,'Metaneckera menziesii',NULL,2,NULL,'2018-03-08 12:53:45'),(327,'Metaneckera',NULL,NULL,NULL,'2018-03-06 15:56:06'),(328,'Microbryum',NULL,NULL,NULL,'2018-03-06 15:56:06'),(329,'Micromitrium',NULL,NULL,NULL,'2018-03-06 15:56:06'),(330,'Mielichhoferia',NULL,NULL,NULL,'2018-03-06 15:56:06'),(331,'Mnium',NULL,NULL,NULL,'2018-03-06 15:56:06'),(332,'Molendoa',NULL,NULL,NULL,'2018-03-06 15:56:06'),(333,'Myrinia pulvinata',NULL,NULL,NULL,'2018-03-06 15:56:06'),(334,'Myrinia',NULL,NULL,NULL,'2018-03-06 15:56:06'),(335,'Myurella julacea',NULL,NULL,NULL,'2018-03-06 15:56:06'),(336,'Myurella siberica',NULL,NULL,NULL,'2018-03-06 15:56:06'),(337,'Myurella',NULL,NULL,NULL,'2018-03-06 15:56:06'),(338,'Myurella tenerrima',NULL,NULL,NULL,'2018-03-06 15:56:06'),(339,'Myuroclada maximowiczii',NULL,NULL,NULL,'2018-03-06 15:56:06'),(340,'Myuroclada',NULL,NULL,NULL,'2018-03-06 15:56:06'),(341,'Neckera menziesii',NULL,NULL,NULL,'2018-03-06 15:56:06'),(342,'Neckera',NULL,NULL,NULL,'2018-03-06 15:56:06'),(343,'Neckeropsis',NULL,NULL,NULL,'2018-03-06 15:56:06'),(344,'Neohyophila',NULL,NULL,NULL,'2018-03-06 15:56:06'),(345,'Neomacounia nitida',NULL,NULL,NULL,'2018-03-06 15:56:06'),(346,'Neomacounia',NULL,NULL,NULL,'2018-03-06 15:56:06'),(347,'Nititrichia',NULL,NULL,NULL,'2018-03-06 15:56:06'),(348,'Nogopterium gracile gracile',NULL,NULL,NULL,'2018-03-06 15:56:06'),(349,'Nogopterium',NULL,NULL,NULL,'2018-03-06 15:56:06'),(350,'Octoblepharum',NULL,NULL,NULL,'2018-03-06 15:56:06'),(351,'Oedipodium',NULL,NULL,NULL,'2018-03-06 15:56:06'),(352,'Oligotrichum',NULL,NULL,NULL,'2018-03-06 15:56:06'),(353,'Oncophorus',NULL,NULL,NULL,'2018-03-06 15:56:06'),(354,'Oreas',NULL,NULL,NULL,'2018-03-06 15:56:06'),(355,'Orthodontium',NULL,NULL,NULL,'2018-03-06 15:56:06'),(356,'Orthothecium',NULL,NULL,NULL,'2018-03-06 15:56:06'),(357,'Orthotrichum affine',NULL,NULL,NULL,'2018-03-06 15:56:06'),(358,'Orthotrichum alpestre',NULL,NULL,NULL,'2018-03-06 15:56:06'),(359,'Orthotrichum anodon',NULL,NULL,NULL,'2018-03-06 15:56:06'),(360,'Orthotrichum anomalum',NULL,NULL,NULL,'2018-03-06 15:56:06'),(361,'Orthotrichum bartramii',NULL,NULL,NULL,'2018-03-06 15:56:06'),(362,'Orthotrichum bolanderi',NULL,NULL,NULL,'2018-03-06 15:56:06'),(363,'Orthotrichum columbicum',NULL,NULL,NULL,'2018-03-06 15:56:06'),(364,'Orthotrichum comosum',NULL,NULL,NULL,'2018-03-06 15:56:06'),(365,'Orthotrichum confusum',NULL,NULL,NULL,'2018-03-06 15:56:06'),(366,'Orthotrichum consimile',NULL,NULL,NULL,'2018-03-06 15:56:06'),(367,'Orthotrichum coulteri',NULL,NULL,NULL,'2018-03-06 15:56:06'),(368,'Orthotrichum cucullatum',NULL,NULL,NULL,'2018-03-06 15:56:06'),(369,'Orthotrichum cupulatum',NULL,NULL,NULL,'2018-03-06 15:56:06'),(370,'Orthotrichum diaphanum',NULL,NULL,NULL,'2018-03-06 15:56:06'),(371,'Orthotrichum elegans',NULL,NULL,NULL,'2018-03-06 15:56:06'),(372,'Orthotrichum euryphyllum',NULL,NULL,NULL,'2018-03-06 15:56:06'),(373,'Orthotrichum exiguum',NULL,NULL,NULL,'2018-03-06 15:56:06'),(374,'Orthotrichum fenestratum',NULL,NULL,NULL,'2018-03-06 15:56:06'),(375,'Orthotrichum flowersii',NULL,NULL,NULL,'2018-03-06 15:56:06'),(376,'Orthotrichum franciscanum',NULL,NULL,NULL,'2018-03-06 15:56:06'),(377,'Orthotrichum gymnostomum',NULL,NULL,NULL,'2018-03-06 15:56:06'),(378,'Orthotrichum hallii',NULL,NULL,NULL,'2018-03-06 15:56:06'),(379,'Orthotrichum handiense',NULL,NULL,NULL,'2018-03-06 15:56:06'),(380,'Orthotrichum holzingeri',NULL,NULL,NULL,'2018-03-06 15:56:06'),(381,'Orthotrichum keeverae',NULL,NULL,NULL,'2018-03-06 15:56:06'),(382,'Orthotrichum kellmanii',NULL,NULL,NULL,'2018-03-06 15:56:06'),(383,'Orthotrichum laevigatum',NULL,NULL,NULL,'2018-03-06 15:56:06'),(384,'Orthotrichum lescurii',NULL,NULL,NULL,'2018-03-06 15:56:06'),(385,'Orthotrichum lyellii',NULL,NULL,NULL,'2018-03-06 15:56:06'),(386,'Orthotrichum macounii',NULL,NULL,NULL,'2018-03-06 15:56:06'),(387,'Orthotrichum mazimpakanum',NULL,NULL,NULL,'2018-03-06 15:56:06'),(388,'Orthotrichum norrisii',NULL,NULL,NULL,'2018-03-06 15:56:06'),(389,'Orthotrichum obtusifolium',NULL,NULL,NULL,'2018-03-06 15:56:06'),(390,'Orthotrichum ohioense',NULL,NULL,NULL,'2018-03-06 15:56:06'),(391,'Orthotrichum pallens',NULL,NULL,NULL,'2018-03-06 15:56:06'),(392,'Orthotrichum papillosum',NULL,NULL,NULL,'2018-03-06 15:56:06'),(393,'Orthotrichum parvulum',NULL,NULL,NULL,'2018-03-06 15:56:06'),(394,'Orthotrichum patens',NULL,NULL,NULL,'2018-03-06 15:56:06'),(395,'Orthotrichum pellucidum',NULL,NULL,NULL,'2018-03-06 15:56:06'),(396,'Orthotrichum persimile',NULL,NULL,NULL,'2018-03-06 15:56:06'),(397,'Orthotrichum pilosissimum',NULL,NULL,NULL,'2018-03-06 15:56:06'),(398,'Orthotrichum praemorsum',NULL,NULL,NULL,'2018-03-06 15:56:06'),(399,'Orthotrichum pulchellum',NULL,NULL,NULL,'2018-03-06 15:56:06'),(400,'Orthotrichum pumilum',NULL,NULL,NULL,'2018-03-06 15:56:06'),(401,'Orthotrichum pusillum',NULL,NULL,NULL,'2018-03-06 15:56:06'),(402,'Orthotrichum pycnophyllum',NULL,NULL,NULL,'2018-03-06 15:56:06'),(403,'Orthotrichum pylaisii',NULL,NULL,NULL,'2018-03-06 15:56:06'),(404,'Orthotrichum rivulare',NULL,NULL,NULL,'2018-03-06 15:56:06'),(405,'Orthotrichum rupestre',NULL,NULL,NULL,'2018-03-06 15:56:06'),(406,'Orthotrichum scanicum',NULL,NULL,NULL,'2018-03-06 15:56:06'),(407,'Orthotrichum schimperi',NULL,NULL,NULL,'2018-03-06 15:56:06'),(408,'Orthotrichum shawii',NULL,NULL,NULL,'2018-03-06 15:56:06'),(409,'Orthotrichum shevockii',NULL,NULL,NULL,'2018-03-06 15:56:06'),(410,'Orthotrichum sordidum',NULL,NULL,NULL,'2018-03-06 15:56:06'),(411,'Orthotrichum',NULL,NULL,NULL,'2018-03-06 15:56:06'),(412,'Orthotrichum speciosum',NULL,NULL,NULL,'2018-03-06 15:56:06'),(413,'Orthotrichum spjutii',NULL,NULL,NULL,'2018-03-06 15:56:06'),(414,'Orthotrichum stellatum',NULL,NULL,NULL,'2018-03-06 15:56:06'),(415,'Orthotrichum stramineum',NULL,NULL,NULL,'2018-03-06 15:56:06'),(416,'Orthotrichum strangulatum',NULL,NULL,NULL,'2018-03-06 15:56:06'),(417,'Orthotrichum striatum',NULL,NULL,NULL,'2018-03-06 15:56:06'),(418,'Orthotrichum tenellum',NULL,NULL,NULL,'2018-03-06 15:56:06'),(419,'Orthotrichum texanum',NULL,NULL,NULL,'2018-03-06 15:56:06'),(420,'Orthotrichum underwoodii',NULL,NULL,NULL,'2018-03-06 15:56:06'),(421,'Orthotrichum xxA',NULL,NULL,NULL,'2018-03-06 15:56:06'),(422,'Orthotrichum xxB',NULL,NULL,NULL,'2018-03-06 15:56:06'),(423,'Orthotrichum xxC',NULL,NULL,NULL,'2018-03-06 15:56:06'),(424,'Orthotrichum yosemitensis',NULL,NULL,NULL,'2018-03-06 15:56:06'),(425,'Oxystegus',NULL,NULL,NULL,'2018-03-06 15:56:06'),(426,'Palamocladium leskeoides',NULL,NULL,NULL,'2018-03-06 15:56:06'),(427,'Palamocladium',NULL,NULL,NULL,'2018-03-06 15:56:06'),(428,'Paludella',NULL,NULL,NULL,'2018-03-06 15:56:06'),(429,'Palustriella',NULL,NULL,NULL,'2018-03-06 15:56:06'),(430,'Papillaria nigrescens',NULL,NULL,NULL,'2018-03-06 15:56:06'),(431,'Papillaria',NULL,NULL,NULL,'2018-03-06 15:56:06'),(432,'Paraleptodontium',NULL,NULL,NULL,'2018-03-06 15:56:06'),(433,'Paraleucobryum',NULL,NULL,NULL,'2018-03-06 15:56:06'),(434,'Phascum',NULL,NULL,NULL,'2018-03-06 15:56:06'),(435,'Philonotis',NULL,NULL,NULL,'2018-03-06 15:56:06'),(436,'Physcomitrella',NULL,NULL,NULL,'2018-03-06 15:56:06'),(437,'Physcomitrium',NULL,NULL,NULL,'2018-03-06 15:56:06'),(438,'Pireella',NULL,NULL,NULL,'2018-03-06 15:56:06'),(439,'Plagiobryum',NULL,NULL,NULL,'2018-03-06 15:56:06'),(440,'Plagiomnium',NULL,NULL,NULL,'2018-03-06 15:56:06'),(441,'Plagiopus',NULL,NULL,NULL,'2018-03-06 15:56:06'),(442,'Plagiothecium',NULL,NULL,NULL,'2018-03-06 15:56:06'),(443,'Platydictya',NULL,NULL,NULL,'2018-03-06 15:56:06'),(444,'Platygyrium',NULL,NULL,NULL,'2018-03-06 15:56:06'),(445,'Platyhypnidium riparioides',NULL,NULL,NULL,'2018-03-06 15:56:06'),(446,'Platyhypnidium',NULL,NULL,NULL,'2018-03-06 15:56:06'),(447,'Platylomella lescurii',NULL,NULL,NULL,'2018-03-06 15:56:06'),(448,'Platylomella',NULL,NULL,NULL,'2018-03-06 15:56:06'),(449,'Plaubella',NULL,NULL,NULL,'2018-03-06 15:56:06'),(450,'Pleuridium',NULL,NULL,NULL,'2018-03-06 15:56:06'),(451,'Pleurochaete',NULL,NULL,NULL,'2018-03-06 15:56:06'),(452,'Pleuroziopsis ruthenica',NULL,NULL,NULL,'2018-03-06 15:56:06'),(453,'Pleuroziopsis',NULL,NULL,NULL,'2018-03-06 15:56:06'),(454,'Pleurozium schreberi',NULL,NULL,NULL,'2018-03-06 15:56:06'),(455,'Pleurozium',NULL,NULL,NULL,'2018-03-06 15:56:06'),(456,'Pogonatum',NULL,NULL,NULL,'2018-03-06 15:56:06'),(457,'Pohlia',NULL,NULL,NULL,'2018-03-06 15:56:06'),(458,'Polytrichastrum',NULL,NULL,NULL,'2018-03-06 15:56:06'),(459,'Polytrichum',NULL,NULL,NULL,'2018-03-06 15:56:06'),(460,'Porotrichum bigelovii',NULL,NULL,NULL,'2018-03-06 15:56:06'),(461,'Porotrichum',NULL,NULL,NULL,'2018-03-06 15:56:06'),(462,'Pottia (Microbryum)',NULL,NULL,NULL,'2018-03-06 15:56:06'),(463,'Pottia',NULL,NULL,NULL,'2018-03-06 15:56:06'),(464,'Pseudobraunia californica',NULL,NULL,NULL,'2018-03-06 15:56:06'),(465,'Pseudobraunia',NULL,NULL,NULL,'2018-03-06 15:56:06'),(466,'Pseudobryum',NULL,NULL,NULL,'2018-03-06 15:56:06'),(467,'Pseudocalliergon',NULL,NULL,NULL,'2018-03-06 15:56:06'),(468,'Pseudocalliergon turgescens',NULL,NULL,NULL,'2018-03-06 15:56:06'),(469,'Pseudocrossidium',NULL,NULL,NULL,'2018-03-06 15:56:06'),(470,'Pseudocryphaea domingensis',NULL,NULL,NULL,'2018-03-06 15:56:06'),(471,'Pseudocryphaea',NULL,NULL,NULL,'2018-03-06 15:56:06'),(472,'Pseudoditrichum',NULL,NULL,NULL,'2018-03-06 15:56:06'),(473,'Pseudoephemerum',NULL,NULL,NULL,'2018-03-06 15:56:06'),(474,'Pseudoleskea',NULL,NULL,NULL,'2018-03-06 15:56:06'),(475,'Pseudoleskeella tectorum',NULL,NULL,NULL,'2018-03-06 15:56:06'),(476,'Pseudoleskeella',NULL,NULL,NULL,'2018-03-06 15:56:06'),(477,'Pseudoscleropodium purum',NULL,NULL,NULL,'2018-03-06 15:56:06'),(478,'Pseudoscleropodium',NULL,NULL,NULL,'2018-03-06 15:56:06'),(479,'Pseudotaxiphyllum',NULL,NULL,NULL,'2018-03-06 15:56:06'),(480,'Psilopilum',NULL,NULL,NULL,'2018-03-06 15:56:06'),(481,'Pterigynandrum filiforme',NULL,NULL,NULL,'2018-03-06 15:56:06'),(482,'Pterigynandrum',NULL,NULL,NULL,'2018-03-06 15:56:06'),(483,'Pterygoneurum',NULL,NULL,NULL,'2018-03-06 15:56:06'),(484,'Ptilium crista-castrensis',NULL,NULL,NULL,'2018-03-06 15:56:06'),(485,'Ptilium',NULL,NULL,NULL,'2018-03-06 15:56:06'),(486,'Ptychomitrium',NULL,NULL,NULL,'2018-03-06 15:56:06'),(487,'Pylaisiadelpha',NULL,NULL,NULL,'2018-03-06 15:56:06'),(488,'Pylaisiadelpha tenuirostris',NULL,NULL,NULL,'2018-03-06 15:56:06'),(489,'Pylaisiella',NULL,NULL,NULL,'2018-03-06 15:56:06'),(490,'Pyramidula',NULL,NULL,NULL,'2018-03-06 15:56:06'),(491,'Pyrrhobryum',NULL,NULL,NULL,'2018-03-06 15:56:06'),(492,'Pyrrhobryum spiniforme',NULL,NULL,NULL,'2018-03-06 15:56:06'),(493,'Racomitrium',NULL,NULL,NULL,'2018-03-06 15:56:06'),(494,'Racopilum',NULL,NULL,NULL,'2018-03-06 15:56:06'),(495,'Racopilum tomentosum',NULL,NULL,NULL,'2018-03-06 15:56:06'),(496,'Rauiella',NULL,NULL,NULL,'2018-03-06 15:56:06'),(497,'Rhabdoweisia',NULL,NULL,NULL,'2018-03-06 15:56:06'),(498,'Rhacithecium',NULL,NULL,NULL,'2018-03-06 15:56:06'),(499,'Rhexophyllum',NULL,NULL,NULL,'2018-03-06 15:56:06'),(500,'Rhizomnium',NULL,NULL,NULL,'2018-03-06 15:56:06'),(501,'Rhodobryum',NULL,NULL,NULL,'2018-03-06 15:56:06'),(502,'Rhynchostegium',NULL,NULL,NULL,'2018-03-06 15:56:06'),(503,'Rhytidiadelphus japonicus',NULL,NULL,NULL,'2018-03-06 15:56:06'),(504,'Rhytidiadelphus loreus',NULL,NULL,NULL,'2018-03-06 15:56:06'),(505,'Rhytidiadelphus',NULL,NULL,NULL,'2018-03-06 15:56:06'),(506,'Rhytidiadelphus squarrosus',NULL,NULL,NULL,'2018-03-06 15:56:06'),(507,'Rhytidiadelphus triquetris',NULL,NULL,NULL,'2018-03-06 15:56:06'),(508,'Rhytidiopsis robusta',NULL,NULL,NULL,'2018-03-06 15:56:06'),(509,'Rhytidiopsis',NULL,NULL,NULL,'2018-03-06 15:56:06'),(510,'Rhytidium rugosum',NULL,NULL,NULL,'2018-03-06 15:56:06'),(511,'Rhytidium',NULL,NULL,NULL,'2018-03-06 15:56:06'),(512,'Roellia',NULL,NULL,NULL,'2018-03-06 15:56:06'),(513,'Saelania',NULL,NULL,NULL,'2018-03-06 15:56:06'),(514,'Sanionia',NULL,NULL,NULL,'2018-03-06 15:56:06'),(515,'Sarmenthypnum saementosum',NULL,NULL,NULL,'2018-03-06 15:56:06'),(516,'Sarmenthypnum',NULL,NULL,NULL,'2018-03-06 15:56:06'),(517,'Schistidium',NULL,NULL,NULL,'2018-03-06 15:56:06'),(518,'Schistostega',NULL,NULL,NULL,'2018-03-06 15:56:06'),(519,'Schlotheimia rugifolia',NULL,NULL,NULL,'2018-03-06 15:56:06'),(520,'Schlotheimia',NULL,NULL,NULL,'2018-03-06 15:56:06'),(521,'Schwetschkeopsis ',NULL,NULL,NULL,'2018-03-06 15:56:06'),(522,'Schwetschkeopsis fabronia',NULL,NULL,NULL,'2018-03-06 15:56:06'),(523,'Sciuro-hypnum',NULL,NULL,NULL,'2018-03-06 15:56:06'),(524,'Scleropodium',NULL,NULL,NULL,'2018-03-06 15:56:06'),(525,'Sclotheimia',NULL,NULL,NULL,'2018-03-06 15:56:06'),(526,'Scopelophila',NULL,NULL,NULL,'2018-03-06 15:56:06'),(527,'Scorpidium scorpioides',NULL,NULL,NULL,'2018-03-06 15:56:06'),(528,'Scorpidium',NULL,NULL,NULL,'2018-03-06 15:56:06'),(529,'Scouleria',NULL,NULL,NULL,'2018-03-06 15:56:06'),(530,'Seligeria',NULL,NULL,NULL,'2018-03-06 15:56:06'),(531,'Sematophyllum',NULL,NULL,NULL,'2018-03-06 15:56:06'),(532,'Sphagnum',NULL,NULL,NULL,'2018-03-06 15:56:06'),(533,'Splachnobryum',NULL,NULL,NULL,'2018-03-06 15:56:06'),(534,'Splachnum',NULL,NULL,NULL,'2018-03-06 15:56:06'),(535,'Steerecleus serrulatus',NULL,NULL,NULL,'2018-03-06 15:56:06'),(536,'Steerecleus',NULL,NULL,NULL,'2018-03-06 15:56:06'),(537,'Stegonia',NULL,NULL,NULL,'2018-03-06 15:56:06'),(538,'Stereophyllum leucostegum',NULL,NULL,NULL,'2018-03-06 15:56:06'),(539,'Stereophyllum radiculosum',NULL,NULL,NULL,'2018-03-06 15:56:06'),(540,'Stereophyllum',NULL,NULL,NULL,'2018-03-06 15:56:06'),(541,'Straminergon',NULL,NULL,NULL,'2018-03-06 15:56:06'),(542,'Straminergon stramineum',NULL,NULL,NULL,'2018-03-06 15:56:06'),(543,'Symblepharis',NULL,NULL,NULL,'2018-03-06 15:56:06'),(544,'Syntrichia',NULL,NULL,NULL,'2018-03-06 15:56:06'),(545,'Syrrhopodon',NULL,NULL,NULL,'2018-03-06 15:56:06'),(546,'Taxiphyllum cuspidifolium',NULL,NULL,NULL,'2018-03-06 15:56:06'),(547,'Taxiphyllum',NULL,NULL,NULL,'2018-03-06 15:56:06'),(548,'Taxithelium planum',NULL,NULL,NULL,'2018-03-06 15:56:06'),(549,'Taxithelium',NULL,NULL,NULL,'2018-03-06 15:56:06'),(550,'Tayloria',NULL,NULL,NULL,'2018-03-06 15:56:06'),(551,'Tetradontium',NULL,NULL,NULL,'2018-03-06 15:56:06'),(552,'Tetraphis',NULL,NULL,NULL,'2018-03-06 15:56:06'),(553,'Tetraplodon',NULL,NULL,NULL,'2018-03-06 15:56:06'),(554,'Tetrodontium',NULL,NULL,NULL,'2018-03-06 15:56:06'),(555,'Thamnobryum',NULL,NULL,NULL,'2018-03-06 15:56:06'),(556,'Thelia',NULL,NULL,NULL,'2018-03-06 15:56:06'),(557,'Thuidium',NULL,NULL,NULL,'2018-03-06 15:56:06'),(558,'Timmia',NULL,NULL,NULL,'2018-03-06 15:56:06'),(559,'Timmiella',NULL,NULL,NULL,'2018-03-06 15:56:06'),(560,'Tomenthypnum',NULL,NULL,NULL,'2018-03-06 15:56:06'),(561,'Tortella',NULL,NULL,NULL,'2018-03-06 15:56:06'),(562,'Tortula',NULL,NULL,NULL,'2018-03-06 15:56:06'),(563,'Trachybryum megaptilum',NULL,NULL,NULL,'2018-03-06 15:56:06'),(564,'Trachybryum',NULL,NULL,NULL,'2018-03-06 15:56:06'),(565,'Trachycystis',NULL,NULL,NULL,'2018-03-06 15:56:06'),(566,'Trachyxiphium',NULL,NULL,NULL,'2018-03-06 15:56:06'),(567,'Trachyxiphiun heteroicum',NULL,NULL,NULL,'2018-03-06 15:56:06'),(568,'Trematodon',NULL,NULL,NULL,'2018-03-06 15:56:06'),(569,'Trichodon',NULL,NULL,NULL,'2018-03-06 15:56:06'),(570,'Trichostomopsis',NULL,NULL,NULL,'2018-03-06 15:56:06'),(571,'Trichostomum',NULL,NULL,NULL,'2018-03-06 15:56:06'),(572,'Tripterocladium',NULL,NULL,NULL,'2018-03-06 15:56:06'),(573,'Triquetrella californica',NULL,NULL,NULL,'2018-03-06 15:56:06'),(574,'Triquetrella',NULL,NULL,NULL,'2018-03-06 15:56:06'),(575,'Tuerkheimia',NULL,NULL,NULL,'2018-03-06 15:56:06'),(576,'Ulota',NULL,NULL,NULL,'2018-03-06 15:56:06'),(577,'Venturiella',NULL,NULL,NULL,'2018-03-06 15:56:06'),(578,'Vesicularia',NULL,NULL,NULL,'2018-03-06 15:56:06'),(579,'Vesicularia vesicularis',NULL,NULL,NULL,'2018-03-06 15:56:06'),(580,'Voitia',NULL,NULL,NULL,'2018-03-06 15:56:06'),(581,'Warnstorfia',NULL,NULL,NULL,'2018-03-06 15:56:06'),(582,'Weissia',NULL,NULL,NULL,'2018-03-06 15:56:06'),(583,'Wijkia carlottae',NULL,NULL,NULL,'2018-03-06 15:56:06'),(584,'Wijkia',NULL,NULL,NULL,'2018-03-06 15:56:06'),(585,'Zelometeorium patulum',NULL,NULL,NULL,'2018-03-06 15:56:06'),(586,'Zelometeorium',NULL,NULL,NULL,'2018-03-06 15:56:06'),(587,'Zygodon',NULL,NULL,NULL,'2018-03-06 15:56:06');
/*!40000 ALTER TABLE `taxa` ENABLE KEYS */;
UNLOCK TABLES;
/*!40103 SET TIME_ZONE=@OLD_TIME_ZONE */;

/*!40101 SET SQL_MODE=@OLD_SQL_MODE */;
/*!40014 SET FOREIGN_KEY_CHECKS=@OLD_FOREIGN_KEY_CHECKS */;
/*!40014 SET UNIQUE_CHECKS=@OLD_UNIQUE_CHECKS */;
/*!40101 SET CHARACTER_SET_CLIENT=@OLD_CHARACTER_SET_CLIENT */;
/*!40101 SET CHARACTER_SET_RESULTS=@OLD_CHARACTER_SET_RESULTS */;
/*!40101 SET COLLATION_CONNECTION=@OLD_COLLATION_CONNECTION */;
/*!40111 SET SQL_NOTES=@OLD_SQL_NOTES */;

-- Dump completed on 2018-03-16 14:38:24
